datetime,carbon_intensity,custom_electricity_score,custom_electricity_input_kwh_per_kwh,REP_SEASON,REP_KIND,AE operation
2023-02-15 00:00:00,133.0,0.19596190107850817,1.032674334869177,Winter,avg,10.333027761212488
2023-02-15 00:30:00,137.0,0.20018817123294583,1.0306110494848228,Winter,avg,10.551948555212359
2023-02-15 01:00:00,136.0,0.20137067812990617,1.0306110494848228,Winter,avg,10.613202412474905
2023-02-15 01:30:00,133.0,0.19806962732787095,1.0306110494848228,Winter,avg,10.44220798092948
2023-02-15 02:00:00,133.0,0.19926251950529994,1.033705977561354,Winter,avg,10.503999795720302
2023-02-15 02:30:00,138.0,0.2053477904442112,1.0306110494848228,Winter,avg,10.819216830355906
2023-02-15 03:00:00,143.0,0.21252017314900792,1.0316426921769999,Winter,avg,11.190746254464376
2023-02-15 03:30:00,140.0,0.20704340425323509,1.0316426921769999,Winter,avg,10.907049625663342
2023-02-15 04:00:00,144.0,0.21218601508399423,1.0306110494848226,Winter,avg,11.173436866696667
2023-02-15 04:30:00,143.0,0.20995071187318814,1.0306110494848228,Winter,avg,11.05764816037691
2023-02-15 05:00:00,153.0,0.21972742189723973,1.0316426921769999,Winter,avg,11.564081739622782
2023-02-15 05:30:00,160.0,0.2304690018649594,1.031642692177,Winter,avg,12.120495581950662
2023-02-15 06:00:00,164.0,0.2454956348803819,1.032674334869177,Winter,avg,12.898875172149546
2023-02-15 06:30:00,177.0,0.26582109867951115,1.0316426921769999,Winter,avg,13.951734196944443
2023-02-15 07:00:00,182.0,0.2808045213546936,1.0306110494848228,Winter,avg,14.727875491518892
2023-02-15 07:30:00,186.0,0.29108201997999567,1.0306110494848228,Winter,avg,15.26024992030954
2023-02-15 08:00:00,180.0,0.26862616203044126,1.0316426921769999,Winter,avg,14.097036478522622
2023-02-15 08:30:00,178.0,0.26549881497475086,1.0316426921769999,Winter,avg,13.93503990103786
2023-02-15 09:00:00,172.0,0.2576381613967995,1.030611049484823,Winter,avg,13.527858045699979
2023-02-15 09:30:00,170.0,0.2557267200244213,1.031642692177,Winter,avg,13.42884538261079
2023-02-15 10:00:00,170.0,0.25583445928446036,1.032674334869177,Winter,avg,13.434426276280812
2023-02-15 10:30:00,161.0,0.2456552592993348,1.032674334869177,Winter,avg,12.907143717051307
2023-02-15 11:00:00,161.0,0.2449355587723005,1.0306110494848228,Winter,avg,12.869863229750932
2023-02-15 11:30:00,159.0,0.2418965552510746,1.0306110494848228,Winter,avg,12.71244284735143
2023-02-15 12:00:00,159.0,0.24090102663000976,1.030611049484823,Winter,avg,12.660874464780271
2023-02-15 12:30:00,155.0,0.23599674758243464,1.032674334869177,Winter,avg,12.40683281011588
2023-02-15 13:00:00,157.0,0.23424697240095357,1.030611049484823,Winter,avg,12.316194455715161
2023-02-15 13:30:00,153.0,0.2278044677897545,1.032674334869177,Winter,avg,11.982472716855048
2023-02-15 14:00:00,152.0,0.22522667017196776,1.0326743348691767,Winter,avg,11.848942800253695
2023-02-15 14:30:00,150.0,0.22069450127388715,1.031642692177,Winter,avg,11.614176451333119
2023-02-15 15:00:00,158.0,0.23891256225348995,1.0326743348691771,Winter,avg,12.557872010076544
2023-02-15 15:30:00,161.0,0.24739603550535258,1.0306110494848228,Winter,avg,12.99731592452303
2023-02-15 16:00:00,170.0,0.2629144562759714,1.0316426921769997,Winter,avg,13.801170120441082
2023-02-15 16:30:00,172.0,0.271683010965565,1.0316426921769999,Winter,avg,14.255381253362033
2023-02-15 17:00:00,175.0,0.2780836555239734,1.032674334869177,Winter,avg,14.586934641487588
2023-02-15 17:30:00,175.0,0.2906027195347331,1.0316426921769999,Winter,avg,15.235422157244939
2023-02-15 18:00:00,180.0,0.2929838363938452,1.032674334869177,Winter,avg,15.358764010546945
2023-02-15 18:30:00,176.0,0.28324945834413684,1.032674334869177,Winter,avg,14.854523227572054
2023-02-15 19:00:00,175.0,0.26732347127241657,1.0316426921769997,Winter,avg,14.029557097256943
2023-02-15 19:30:00,173.0,0.26381207475970303,1.0316426921769999,Winter,avg,13.847666757898383
2023-02-15 20:00:00,175.0,0.263409967083474,1.031642692177,Winter,avg,13.826837580269716
2023-02-15 20:30:00,175.0,0.2580720853354704,1.030611049484823,Winter,avg,13.55033530572313
2023-02-15 21:00:00,168.0,0.24932671236934628,1.032674334869177,Winter,avg,13.097324986077902
2023-02-15 21:30:00,166.0,0.2467519751109656,1.0316426921769999,Winter,avg,12.963953596093784
2023-02-15 22:00:00,167.0,0.24426989921217923,1.0316426921769999,Winter,avg,12.835382064536649
2023-02-15 22:30:00,160.0,0.23188514217201459,1.0295794067926458,Winter,avg,12.193851649856121
2023-02-15 23:00:00,149.0,0.22550359619421145,1.0306110494848228,Winter,avg,11.863287568205918
2023-02-15 23:30:00,148.0,0.22554420922030538,1.032674334869177,Winter,avg,11.865391322957583
2023-12-23 00:00:00,53.0,0.11330452519555097,1.032674334869177,Winter,top10,6.0513756904753055
2023-12-23 00:30:00,52.0,0.11196816000842894,1.0326743348691767,Winter,top10,5.9821519737823845
2023-12-23 01:00:00,56.0,0.10744407010450126,1.030611049484823,Winter,top10,5.747804116758931
2023-12-23 01:30:00,51.0,0.1017505400177634,1.0295794067926458,Winter,top10,5.452879258265909
2023-12-23 02:00:00,48.0,0.09758677192471908,1.0316426921769999,Winter,top10,5.237196071046214
2023-12-23 02:30:00,48.0,0.09676729628400703,1.0316426921769999,Winter,top10,5.194747232857329
2023-12-23 03:00:00,48.0,0.09119065152950248,1.0306110494848228,Winter,top10,4.905877034573994
2023-12-23 03:30:00,46.0,0.09078462310910458,1.0316426921769999,Winter,top10,4.884844762397383
2023-12-23 04:00:00,51.0,0.10205882030585728,1.0316426921769999,Winter,top10,5.468848177189172
2023-12-23 04:30:00,49.0,0.09456393974524284,1.0316426921769999,Winter,top10,5.080613364149345
2023-12-23 05:00:00,46.0,0.08814870885130952,1.029579406792646,Winter,top10,4.748304403843599
2023-12-23 05:30:00,46.0,0.0888040699736364,1.031642692177,Winter,top10,4.7822521099801305
2023-12-23 06:00:00,47.0,0.08963298616447175,1.0326743348691771,Winter,top10,4.825189968665402
2023-12-23 06:30:00,46.0,0.08996384815701439,1.0316426921769997,Winter,top10,4.842328619879111
2023-12-23 07:00:00,45.0,0.09138212644534902,1.0316426921769999,Winter,top10,4.915795435214845
2023-12-23 07:30:00,47.0,0.09556320625861467,1.032674334869177,Winter,top10,5.132375369542006
2023-12-23 08:00:00,43.0,0.09857901709692717,1.0316426921769999,Winter,top10,5.288594370966592
2023-12-23 08:30:00,44.0,0.10778933136364428,1.030611049484823,Winter,top10,5.76568864998254
2023-12-23 09:00:00,41.0,0.10584166309399161,1.0306110494848228,Winter,top10,5.66479943361453
2023-12-23 09:30:00,38.0,0.10435589301808543,1.030611049484823,Winter,top10,5.587836543682591
2023-12-23 10:00:00,34.0,0.10010774463102688,1.029579406792646,Winter,top10,5.367782457232958
2023-12-23 10:30:00,34.0,0.09481469721226847,1.0316426921769999,Winter,top10,5.0936026009412725
2023-12-23 11:00:00,31.0,0.0899516351487804,1.032674334869177,Winter,top10,4.84169598605259
2023-12-23 11:30:00,31.0,0.0930592633072444,1.0326743348691771,Winter,top10,5.002671124661026
2023-12-23 12:00:00,32.0,0.09248147314816561,1.032674334869177,Winter,top10,4.972741594420744
2023-12-23 12:30:00,34.0,0.09261361931842452,1.0306110494848228,Winter,top10,4.979586766040155
2023-12-23 13:00:00,36.0,0.09721108944889484,1.030611049484823,Winter,top10,5.217735718798518
2023-12-23 13:30:00,38.0,0.09986411263097261,1.031642692177,Winter,top10,5.355162319630147
2023-12-23 14:00:00,35.0,0.09338898536347125,1.0316426921769999,Winter,top10,5.019750727173576
2023-12-23 14:30:00,36.0,0.09960212218662075,1.033705977561354,Winter,top10,5.34159121461272
2023-12-23 15:00:00,39.0,0.11099413597585586,1.0316426921769997,Winter,top10,5.931697528895099
2023-12-23 15:30:00,43.0,0.12348726711131686,1.0316426921769999,Winter,top10,6.578841721711979
2023-12-23 16:00:00,46.0,0.13426686855259148,1.031642692177,Winter,top10,7.1372250763700045
2023-12-23 16:30:00,54.0,0.1506458025270714,1.0316426921769999,Winter,top10,7.985653856248065
2023-12-23 17:00:00,59.0,0.15842703229073588,1.0316426921769999,Winter,top10,8.388721558005884
2023-12-23 17:30:00,58.0,0.16103788656521004,1.0326743348691767,Winter,top10,8.523963809423645
2023-12-23 18:00:00,56.0,0.16171962743103968,1.032674334869177,Winter,top10,8.55927798627362
2023-12-23 18:30:00,57.0,0.15815471471523876,1.0316426921769999,Winter,top10,8.374615507595133
2023-12-23 19:00:00,54.0,0.15316155559089933,1.0316426921769999,Winter,top10,8.115969864954351
2023-12-23 19:30:00,53.0,0.14161547612472616,1.0306110494848228,Winter,top10,7.517882948606581
2023-12-23 20:00:00,56.0,0.132428382210344,1.0295794067926458,Winter,top10,7.041991483841585
2023-12-23 20:30:00,51.0,0.11715915808538183,1.029579406792646,Winter,top10,6.251045674168544
2023-12-23 21:00:00,51.0,0.11225454938039335,1.0295794067926458,Winter,top10,5.996986943250141
2023-12-23 21:30:00,52.0,0.10200872464645395,1.0316426921769999,Winter,top10,5.466253222032081
2023-12-23 22:00:00,61.0,0.11151163633966125,1.032674334869177,Winter,top10,5.9585040477402185
2023-12-23 22:30:00,56.0,0.10027222225029969,1.0306110494848228,Winter,top10,5.37630239791129
2023-12-23 23:00:00,51.0,0.09174691680527204,1.0306110494848228,Winter,top10,4.934691575858857
2023-12-23 23:30:00,53.0,0.09859551875727224,1.0316426921769999,Winter,top10,5.289449156972467
2023-02-07 00:00:00,225.0,0.31831722158421427,1.030611049484823,Winter,bottom10,16.671033363408064
2023-02-07 00:30:00,230.0,0.32550423734039546,1.032674334869177,Winter,bottom10,17.04332077957825
2023-02-07 01:00:00,229.0,0.32050370021625313,1.0316426921769997,Winter,bottom10,16.784292956547677
2023-02-07 01:30:00,229.0,0.3216906389458368,1.0316426921769999,Winter,bottom10,16.845776382740112
2023-02-07 02:00:00,228.0,0.3279849705166107,1.0326743348691767,Winter,bottom10,17.1718227581062
2023-02-07 02:30:00,230.0,0.3309444755906382,1.0306110494848228,Winter,bottom10,17.325125120940825
2023-02-07 03:00:00,230.0,0.3319086504226914,1.0326743348691767,Winter,bottom10,17.37506937724118
2023-02-07 03:30:00,232.0,0.33381509926346037,1.0326743348691767,Winter,bottom10,17.47382342719301
2023-02-07 04:00:00,240.0,0.35219384332691733,1.032674334869177,Winter,bottom10,18.425842369680083
2023-02-07 04:30:00,246.0,0.35779329028684564,1.0306110494848228,Winter,bottom10,18.71589372220437
2023-02-07 05:00:00,255.0,0.3812056724392018,1.032674334869177,Winter,bottom10,19.928655117696415
2023-02-07 05:30:00,263.0,0.40129530292220894,1.0316426921769997,Winter,bottom10,20.969297976716188
2023-02-07 06:00:00,269.0,0.40117190155377325,1.0316426921769999,Winter,bottom10,20.962905785831218
2023-02-07 06:30:00,275.0,0.41293213752465935,1.0306110494848228,Winter,bottom10,21.57208600912312
2023-02-07 07:00:00,276.0,0.4195063757423061,1.0306110494848228,Winter,bottom10,21.91263154879722
2023-02-07 07:30:00,279.0,0.4320721759371563,1.031642692177,Winter,bottom10,22.563539998890462
2023-02-07 08:00:00,272.0,0.41553950539490864,1.0316426921769999,Winter,bottom10,21.707147664802033
2023-02-07 08:30:00,265.0,0.4071638979187838,1.0326743348691767,Winter,bottom10,21.273291197538768
2023-02-07 09:00:00,261.0,0.4046686671963051,1.031642692177,Winter,bottom10,21.14403824611437
2023-02-07 09:30:00,254.0,0.3898312321813185,1.0316426921769999,Winter,bottom10,20.375459112338064
2023-02-07 10:00:00,249.0,0.37924772317179534,1.0306110494848228,Winter,bottom10,19.827233345644764
2023-02-07 10:30:00,246.0,0.37046007575043827,1.0306110494848228,Winter,bottom10,19.37203320921847
2023-02-07 11:00:00,255.0,0.3783857641939203,1.032674334869177,Winter,bottom10,19.782583870590834
2023-02-07 11:30:00,243.0,0.36739883327670303,1.0316426921769999,Winter,bottom10,19.21346084907898
2023-02-07 12:00:00,242.0,0.3631879201680097,1.0306110494848228,Winter,bottom10,18.99533555004867
2023-02-07 12:30:00,235.0,0.35639395147984804,1.0316426921769999,Winter,bottom10,18.643407972001892
2023-02-07 13:00:00,240.0,0.3622999654116379,1.030611049484823,Winter,bottom10,18.949339493668607
2023-02-07 13:30:00,243.0,0.3659300222027045,1.0316426921769999,Winter,bottom10,19.13737643544586
2023-02-07 14:00:00,244.0,0.36707828462167963,1.0316426921769999,Winter,bottom10,19.19685642874877
2023-02-07 14:30:00,250.0,0.3749615667704107,1.032674334869177,Winter,bottom10,19.60521044405304
2023-02-07 15:00:00,249.0,0.38392332910186583,1.0316426921769999,Winter,bottom10,20.069429732822414
2023-02-07 15:30:00,250.0,0.3883531507539967,1.0337059775613537,Winter,bottom10,20.29889449440279
2023-02-07 16:00:00,257.0,0.39850844881092645,1.030611049484823,Winter,bottom10,20.824938933751756
2023-02-07 16:30:00,250.0,0.4056946055308695,1.0306110494848228,Winter,bottom10,21.197181851844803
2023-02-07 17:00:00,252.0,0.4082378619946526,1.0306110494848228,Winter,bottom10,21.32892253666877
2023-02-07 17:30:00,253.0,0.4180766920908824,1.0316426921769999,Winter,bottom10,21.83857393565347
2023-02-07 18:00:00,250.0,0.41666462528175185,1.0316426921769997,Winter,bottom10,21.76542887494051
2023-02-07 18:30:00,249.0,0.4076357755002019,1.0306110494848228,Winter,bottom10,21.297734456256222
2023-02-07 19:00:00,248.0,0.39563341126926826,1.032674334869177,Winter,bottom10,20.676011989093862
2023-02-07 19:30:00,249.0,0.3898283342293504,1.0316426921769999,Winter,bottom10,20.375308998426117
2023-02-07 20:00:00,249.0,0.39048964177309364,1.032674334869177,Winter,bottom10,20.409564729192017
2023-02-07 20:30:00,252.0,0.3769438792177206,1.0306110494848228,Winter,bottom10,19.70789422882369
2023-02-07 21:00:00,258.0,0.38729209566715317,1.030611049484823,Winter,bottom10,20.2439318409043
2023-02-07 21:30:00,253.0,0.37580945111779823,1.0306110494848226,Winter,bottom10,19.649130853247712
2023-02-07 22:00:00,253.0,0.36990591730190076,1.033705977561354,Winter,bottom10,19.343327801584223
2023-02-07 22:30:00,245.0,0.3578584508187673,1.030611049484823,Winter,bottom10,18.71926903775791
2023-02-07 23:00:00,232.0,0.3313786949714752,1.0316426921769999,Winter,bottom10,17.34761768486818
2023-02-07 23:30:00,222.0,0.3183452010041448,1.0326743348691767,Winter,bottom10,16.672482697360465
2023-04-03 00:00:00,154.0,0.24040679822081096,1.032674334869177,Spring,avg,12.635273433183773
2023-04-03 00:30:00,157.0,0.24298314012759328,1.030611049484823,Spring,avg,12.768727943955097
2023-04-03 01:00:00,150.0,0.23962744648358147,1.031642692177,Spring,avg,12.594903013195285
2023-04-03 01:30:00,149.0,0.23685155563589627,1.0306110494848228,Spring,avg,12.451111867285192
2023-04-03 02:00:00,156.0,0.2425017541608329,1.0295794067926458,Spring,avg,12.743792150876908
2023-04-03 02:30:00,157.0,0.24328494422041563,1.031642692177,Spring,avg,12.784361395963295
2023-04-03 03:00:00,167.0,0.2522927213484705,1.032674334869177,Spring,avg,13.250964251196535
2023-04-03 03:30:00,165.0,0.25078537452044186,1.0306110494848228,Spring,avg,13.172883685504653
2023-04-03 04:00:00,178.0,0.2687789161352452,1.0326743348691767,Spring,avg,14.104949141151465
2023-04-03 04:30:00,186.0,0.2762803467758753,1.032674334869177,Spring,avg,14.493523248336107
2023-04-03 05:00:00,195.0,0.29434142390607415,1.0316426921769999,Spring,avg,15.429087043680406
2023-04-03 05:30:00,198.0,0.307112340321319,1.030611049484823,Spring,avg,16.09062051399009
2023-04-03 06:00:00,193.0,0.30821464165015644,1.0316426921769999,Spring,avg,16.14771972282387
2023-04-03 06:30:00,191.0,0.3206468215645975,1.0326743348691767,Spring,avg,16.791706642391915
2023-04-03 07:00:00,180.0,0.30095738359671187,1.0316426921769999,Spring,avg,15.77179375565544
2023-04-03 07:30:00,173.0,0.287310012061257,1.0316426921769999,Spring,avg,15.064859910118878
2023-04-03 08:00:00,160.0,0.26302073055081254,1.031642692177,Spring,avg,13.806675127877854
2023-04-03 08:30:00,153.0,0.24989764750200355,1.0316426921769999,Spring,avg,13.12689942594955
2023-04-03 09:00:00,149.0,0.24236484711752038,1.0306110494848226,Spring,avg,12.73670036603332
2023-04-03 09:30:00,143.0,0.23693612388730917,1.032674334869177,Spring,avg,12.45549250270838
2023-04-03 10:00:00,142.0,0.23226375007499833,1.0316426921769999,Spring,avg,12.213463539230679
2023-04-03 10:30:00,133.0,0.2199427577519832,1.0316426921769999,Spring,avg,11.575236136898495
2023-04-03 11:00:00,121.0,0.20673704485249275,1.033705977561354,Spring,avg,10.89118020870489
2023-04-03 11:30:00,114.0,0.1980264814811421,1.0316426921769999,Spring,avg,10.439973026068927
2023-04-03 12:00:00,109.0,0.1932158619213749,1.032674334869177,Spring,avg,10.190782932872985
2023-04-03 12:30:00,105.0,0.18718334728978853,1.032674334869177,Spring,avg,9.878298674956811
2023-04-03 13:00:00,110.0,0.1911298735842839,1.033705977561354,Spring,avg,10.08272873701167
2023-04-03 13:30:00,109.0,0.1894818768615913,1.033705977561354,Spring,avg,9.997362506776193
2023-04-03 14:00:00,119.0,0.19944562304379268,1.032674334869177,Spring,avg,10.513484559014225
2023-04-03 14:30:00,128.0,0.21048947114855973,1.030611049484823,Spring,avg,11.085555890841158
2023-04-03 15:00:00,131.0,0.21408303497669529,1.0306110494848228,Spring,avg,11.27170249713858
2023-04-03 15:30:00,143.0,0.22820183992913912,1.0306110494848228,Spring,avg,12.003056593675172
2023-04-03 16:00:00,153.0,0.24462324795164386,1.0326743348691767,Spring,avg,12.853685529240916
2023-04-03 16:30:00,165.0,0.2597269021278482,1.031642692177,Spring,avg,13.636054815568302
2023-04-03 17:00:00,171.0,0.27650946010109845,1.0316426921769999,Spring,avg,14.505391318582664
2023-04-03 17:30:00,181.0,0.29540601322626026,1.032674334869177,Spring,avg,15.484232770466047
2023-04-03 18:00:00,186.0,0.3018899137012114,1.0316426921769999,Spring,avg,15.820098815068514
2023-04-03 18:30:00,186.0,0.303486656114706,1.032674334869177,Spring,avg,15.902810072087535
2023-04-03 19:00:00,186.0,0.2943558913595757,1.0316426921769999,Spring,avg,15.429836457771785
2023-04-03 19:30:00,179.0,0.281239859526113,1.0306110494848228,Spring,avg,14.750426008798419
2023-04-03 20:00:00,180.0,0.27678551976811894,1.032674334869177,Spring,avg,14.519691209334326
2023-04-03 20:30:00,180.0,0.27581576711009453,1.032674334869177,Spring,avg,14.469458021648661
2023-04-03 21:00:00,185.0,0.27833165345938077,1.0337059775613537,Spring,avg,14.59978093454169
2023-04-03 21:30:00,175.0,0.26201815536070583,1.0316426921769999,Spring,avg,13.754741733030327
2023-04-03 22:00:00,166.0,0.2476949278559361,1.0316426921769999,Spring,avg,13.012798548283255
2023-04-03 22:30:00,161.0,0.24104131573442955,1.030611049484823,Spring,avg,12.668141440389215
2023-04-03 23:00:00,161.0,0.24651223339481204,1.0326743348691771,Spring,avg,12.95153497519703
2023-04-03 23:30:00,166.0,0.25417650984573903,1.032674334869177,Spring,avg,13.348544495355046
2023-03-24 00:00:00,65.0,0.13473338441092356,1.0316426921769999,Spring,top10,7.1613905978316055
2023-03-24 00:30:00,65.0,0.13394118308644715,1.0316426921769999,Spring,top10,7.120354569223728
2023-03-24 01:00:00,66.0,0.12830807101729771,1.0306110494848228,Spring,top10,6.828559364041787
2023-03-24 01:30:00,62.0,0.12188887479658819,1.0316426921769999,Spring,top10,6.496044999809034
2023-03-24 02:00:00,62.0,0.10895688489412596,1.0316426921769999,Spring,top10,5.82616792286149
2023-03-24 02:30:00,57.0,0.10081190623930214,1.0316426921769999,Spring,top10,5.404258028541617
2023-03-24 03:00:00,59.0,0.10411042851689617,1.031642692177,Spring,top10,5.575121482520987
2023-03-24 03:30:00,58.0,0.10041333754518368,1.031642692177,Spring,top10,5.3836121701862805
2023-03-24 04:00:00,59.0,0.09937656639996482,1.0316426921769999,Spring,top10,5.3299074248639435
2023-03-24 04:30:00,59.0,0.09884716059729672,1.0316426921769999,Spring,top10,5.302484204285736
2023-03-24 05:00:00,60.0,0.1050049961060778,1.0316426921769999,Spring,top10,5.621460083640596
2023-03-24 05:30:00,60.0,0.10278271626937986,1.0316426921769999,Spring,top10,5.506345988099643
2023-03-24 06:00:00,57.0,0.1118384122200361,1.030611049484823,Spring,top10,5.975431038343635
2023-03-24 06:30:00,59.0,0.12307527636389475,1.029579406792646,Spring,top10,6.557500600995513
2023-03-24 07:00:00,51.0,0.11379117142657806,1.0295794067926458,Spring,top10,6.076583965242509
2023-03-24 07:30:00,48.0,0.11945885116437815,1.0316426921769999,Spring,top10,6.370169775660554
2023-03-24 08:00:00,46.0,0.11776810690752472,1.0306110494848228,Spring,top10,6.282589223155546
2023-03-24 08:30:00,42.0,0.10987216789672617,1.0295794067926458,Spring,top10,5.873579582396181
2023-03-24 09:00:00,39.0,0.10376104221035182,1.032674334869177,Spring,top10,5.55702327184199
2023-03-24 09:30:00,37.0,0.10030701781543605,1.032674334869177,Spring,top10,5.378104808185353
2023-03-24 10:00:00,35.0,0.09867372782011365,1.032674334869177,Spring,top10,5.293500386427652
2023-03-24 10:30:00,33.0,0.0950572513397319,1.0306110494848228,Spring,top10,5.106166904743878
2023-03-24 11:00:00,33.0,0.09684148674845647,1.032674334869177,Spring,top10,5.198590298915811
2023-03-24 11:30:00,34.0,0.09661475179368763,1.0316426921769999,Spring,top10,5.186845428258785
2023-03-24 12:00:00,36.0,0.09756937835896083,1.0316426921769999,Spring,top10,5.236295084339937
2023-03-24 12:30:00,36.0,0.1018050186102133,1.032674334869177,Spring,top10,5.4557012493548145
2023-03-24 13:00:00,38.0,0.1006478332458651,1.032674334869177,Spring,top10,5.395759047481578
2023-03-24 13:30:00,38.0,0.0996050046591575,1.0316426921769999,Spring,top10,5.341740526690124
2023-03-24 14:00:00,39.0,0.09970369992146447,1.0316426921769999,Spring,top10,5.346852941277625
2023-03-24 14:30:00,39.0,0.0974995871363142,1.030611049484823,Spring,top10,5.232679899006841
2023-03-24 15:00:00,40.0,0.09995992284254585,1.0316426921769999,Spring,top10,5.36012528858964
2023-03-24 15:30:00,43.0,0.10626254749977994,1.0306110494848228,Spring,top10,5.686601245834367
2023-03-24 16:00:00,51.0,0.12525349710382516,1.0295794067926458,Spring,top10,6.670332435323909
2023-03-24 16:30:00,62.0,0.15392269479832907,1.0306110494848228,Spring,top10,8.155396875899212
2023-03-24 17:00:00,74.0,0.17156780557523446,1.032674334869177,Spring,top10,9.06941361414291
2023-03-24 17:30:00,71.0,0.16633093762365012,1.0326743348691767,Spring,top10,8.798143854250842
2023-03-24 18:00:00,69.0,0.16946234906503435,1.0326743348691767,Spring,top10,8.960350966914545
2023-03-24 18:30:00,68.0,0.1662762272600433,1.0316426921769999,Spring,top10,8.795309857416008
2023-03-24 19:00:00,64.0,0.16368921442254344,1.0295794067926458,Spring,top10,8.661302592433517
2023-03-24 19:30:00,64.0,0.15026741533295657,1.0316426921769999,Spring,top10,7.966053399592916
2023-03-24 20:00:00,61.0,0.1426439700793343,1.0337059775613537,Spring,top10,7.571158935455282
2023-03-24 20:30:00,60.0,0.12610403610563417,1.0306110494848228,Spring,top10,6.714390355617615
2023-03-24 21:00:00,57.0,0.11847371006184358,1.0316426921769999,Spring,top10,6.319139466549263
2023-03-24 21:30:00,57.0,0.11715862937271687,1.0326743348691767,Spring,top10,6.251018286852499
2023-03-24 22:00:00,53.0,0.10952833684511246,1.032674334869177,Spring,top10,5.855769133922591
2023-03-24 22:30:00,49.0,0.10438031490073803,1.0316426921769999,Spring,top10,5.589101597203995
2023-03-24 23:00:00,53.0,0.11478523312320488,1.030611049484823,Spring,top10,6.128076361127778
2023-03-24 23:30:00,51.0,0.11446223389567974,1.032674334869177,Spring,top10,6.111345001141975
2023-05-02 00:00:00,209.0,0.3289434665659179,1.0306110494848228,Spring,bottom10,17.221472853460313
2023-05-02 00:30:00,209.0,0.32870378315208376,1.032674334869177,Spring,bottom10,17.209057252623705
2023-05-02 01:00:00,205.0,0.31866778877797336,1.0316426921769999,Spring,bottom10,16.689192744044785
2023-05-02 01:30:00,201.0,0.3135334390132733,1.032674334869177,Spring,bottom10,16.42323342623332
2023-05-02 02:00:00,208.0,0.32191742863725603,1.0316426921769999,Spring,bottom10,16.85752408875563
2023-05-02 02:30:00,210.0,0.32629909340439756,1.0316426921769997,Spring,bottom10,17.08449432369356
2023-05-02 03:00:00,212.0,0.3341151551791858,1.0326743348691767,Spring,bottom10,17.48936632362759
2023-05-02 03:30:00,210.0,0.33132324720126216,1.0306110494848228,Spring,bottom10,17.344745490371146
2023-05-02 04:00:00,224.0,0.3517855249794851,1.0306110494848228,Spring,bottom10,18.404691479283095
2023-05-02 04:30:00,231.0,0.3627652150234242,1.0316426921769999,Spring,bottom10,18.97343942355914
2023-05-02 05:00:00,226.0,0.3569671040238745,1.0316426921769997,Spring,bottom10,18.673097273782464
2023-05-02 05:30:00,227.0,0.3756799820537865,1.0306110494848228,Spring,bottom10,19.642424355731904
2023-05-02 06:00:00,227.0,0.3717376112529932,1.0316426921769999,Spring,bottom10,19.438209548250814
2023-05-02 06:30:00,222.0,0.3816553381021316,1.031642692177,Spring,bottom10,19.95194779903618
2023-05-02 07:00:00,216.0,0.36171599610255867,1.0306110494848228,Spring,bottom10,18.919089883458305
2023-05-02 07:30:00,214.0,0.3643564484144921,1.0316426921769999,Spring,bottom10,19.055865313216454
2023-05-02 08:00:00,209.0,0.35591405948817023,1.031642692177,Spring,bottom10,18.618549566832982
2023-05-02 08:30:00,205.0,0.3488465569222595,1.031642692177,Spring,bottom10,18.252452933918807
2023-05-02 09:00:00,203.0,0.34495520599575563,1.032674334869177,Spring,bottom10,18.050880955925905
2023-05-02 09:30:00,200.0,0.3345279077617717,1.0316426921769999,Spring,bottom10,17.51074690740554
2023-05-02 10:00:00,197.0,0.3271125724927831,1.0316426921769999,Spring,bottom10,17.126632540471928
2023-05-02 10:30:00,195.0,0.32389896752968184,1.0316426921769999,Spring,bottom10,16.960167803383285
2023-05-02 11:00:00,197.0,0.32757741833870135,1.0316426921769999,Spring,bottom10,17.150711555290496
2023-05-02 11:30:00,196.0,0.32497174602367884,1.0306110494848228,Spring,bottom10,17.01573772937233
2023-05-02 12:00:00,197.0,0.3268257352952993,1.032674334869177,Spring,bottom10,17.11177437364227
2023-05-02 12:30:00,194.0,0.32361019539494135,1.032674334869177,Spring,bottom10,16.945209406803727
2023-05-02 13:00:00,196.0,0.32571373491167943,1.032674334869177,Spring,bottom10,17.05417275377076
2023-05-02 13:30:00,196.0,0.3253398376951399,1.033705977561354,Spring,bottom10,17.034804877954013
2023-05-02 14:00:00,201.0,0.32926904165954357,1.032674334869177,Spring,bottom10,17.23833764331012
2023-05-02 14:30:00,202.0,0.3308473490219247,1.0316426921769999,Spring,bottom10,17.320093964681465
2023-05-02 15:00:00,205.0,0.33704470994325325,1.0316426921769999,Spring,bottom10,17.641117260406283
2023-05-02 15:30:00,210.0,0.3436736771377594,1.0316426921769999,Spring,bottom10,17.984497761081702
2023-05-02 16:00:00,217.0,0.35165982219887676,1.0316426921769999,Spring,bottom10,18.39818007524758
2023-05-02 16:30:00,221.0,0.3588617408715453,1.0326743348691767,Spring,bottom10,18.771239462491813
2023-05-02 17:00:00,223.0,0.3671465561210903,1.0316426921769999,Spring,bottom10,19.200392892418243
2023-05-02 17:30:00,228.0,0.37243944572417953,1.033705977561354,Spring,bottom10,19.474564573858263
2023-05-02 18:00:00,228.0,0.38567248040201507,1.0306110494848228,Spring,bottom10,20.160035770170147
2023-05-02 18:30:00,229.0,0.38274868158768266,1.0316426921769999,Spring,bottom10,20.008582991587726
2023-05-02 19:00:00,235.0,0.3864142563647034,1.030611049484823,Spring,bottom10,20.1984597650374
2023-05-02 19:30:00,236.0,0.3845267307899724,1.032674334869177,Spring,bottom10,20.100685940266334
2023-05-02 20:00:00,241.0,0.3844248034200285,1.032674334869177,Spring,bottom10,20.09540610250324
2023-05-02 20:30:00,242.0,0.377354442959038,1.0316426921769997,Spring,bottom10,19.729161430623932
2023-05-02 21:00:00,255.0,0.3931282174551025,1.031642692177,Spring,bottom10,20.546242949520074
2023-05-02 21:30:00,246.0,0.37721237333458846,1.0316426921769997,Spring,bottom10,19.721802224077447
2023-05-02 22:00:00,231.0,0.3595590813602101,1.0316426921769997,Spring,bottom10,18.80736169980465
2023-05-02 22:30:00,222.0,0.34262800556140677,1.0306110494848228,Spring,bottom10,17.930331973426636
2023-05-02 23:00:00,219.0,0.3380793261050237,1.0326743348691771,Spring,bottom10,17.694710377585995
2023-05-02 23:30:00,219.0,0.33535774655886186,1.0316426921769997,Spring,bottom10,17.553732557094808
2023-07-06 00:00:00,172.0,0.2739973575517449,1.0316426921769999,Summer,avg,14.375264406526153
2023-07-06 00:30:00,171.0,0.2702743823289103,1.032674334869177,Summer,avg,14.18241428998332
2023-07-06 01:00:00,173.0,0.27201319688589237,1.0306110494848228,Summer,avg,14.27248488403499
2023-07-06 01:30:00,173.0,0.2747930360188171,1.0316426921769997,Summer,avg,14.416480551120491
2023-07-06 02:00:00,176.0,0.278195517896891,1.0316426921769999,Summer,avg,14.592729112404719
2023-07-06 02:30:00,175.0,0.2758388349680368,1.0306110494848228,Summer,avg,14.47065293669007
2023-07-06 03:00:00,171.0,0.2732608918688683,1.0306110494848226,Summer,avg,14.337115484153143
2023-07-06 03:30:00,168.0,0.269077969867655,1.031642692177,Summer,avg,14.120440124490292
2023-07-06 04:00:00,165.0,0.27259067734358466,1.0326743348691767,Summer,avg,14.30239837174345
2023-07-06 04:30:00,167.0,0.2821818381342009,1.031642692177,Summer,avg,14.799220500697372
2023-07-06 05:00:00,166.0,0.2945715767516664,1.031642692177,Summer,avg,15.441008961082085
2023-07-06 05:30:00,167.0,0.3112106881055423,1.032674334869177,Summer,avg,16.302914929212857
2023-07-06 06:00:00,161.0,0.2949802333392752,1.0306110494848228,Summer,avg,15.46217737232022
2023-07-06 06:30:00,160.0,0.2938758992180304,1.0326743348691771,Summer,avg,15.40497286483974
2023-07-06 07:00:00,153.0,0.268278610275011,1.0316426921769999,Summer,avg,14.079033297591334
2023-07-06 07:30:00,151.0,0.25766477656701375,1.0326743348691771,Summer,avg,13.529236711517077
2023-07-06 08:00:00,143.0,0.24740488908336353,1.031642692177,Summer,avg,12.997774539863995
2023-07-06 08:30:00,133.0,0.23315476710673896,1.030611049484823,Summer,avg,12.259618221474843
2023-07-06 09:00:00,126.0,0.22476121634728674,1.0295794067926458,Summer,avg,11.824832292135218
2023-07-06 09:30:00,124.0,0.22295838220411,1.0316426921769999,Summer,avg,11.731445483518662
2023-07-06 10:00:00,129.0,0.2251395092455164,1.032674334869177,Summer,avg,11.844427864263515
2023-07-06 10:30:00,128.0,0.22210669567557595,1.0295794067926458,Summer,avg,11.687328121340599
2023-07-06 11:00:00,129.0,0.22265622624399667,1.0316426921769999,Summer,avg,11.715793804784793
2023-07-06 11:30:00,125.0,0.2167475894970606,1.030611049484823,Summer,avg,11.409726421293504
2023-07-06 12:00:00,128.0,0.2156388166534544,1.0306110494848228,Summer,avg,11.352291987994704
2023-07-06 12:30:00,120.0,0.2041937696956887,1.030611049484823,Summer,avg,10.75943855558244
2023-07-06 13:00:00,113.0,0.19642540353268614,1.0326743348691767,Summer,avg,10.357037188338907
2023-07-06 13:30:00,106.0,0.1842796204824024,1.0316426921769999,Summer,avg,9.72788562633421
2023-07-06 14:00:00,109.0,0.19058711155375274,1.032674334869177,Summer,avg,10.054613663830157
2023-07-06 14:30:00,112.0,0.19235575349884043,1.0306110494848226,Summer,avg,10.1462293165857
2023-07-06 15:00:00,112.0,0.19688526802857625,1.0295794067926458,Summer,avg,10.380858169226014
2023-07-06 15:30:00,114.0,0.19820863940094438,1.0295794067926458,Summer,avg,10.449408806314684
2023-07-06 16:00:00,123.0,0.20751440362530302,1.030611049484823,Summer,avg,10.93144739313646
2023-07-06 16:30:00,134.0,0.22009294853953715,1.0316426921769999,Summer,avg,11.583016019693789
2023-07-06 17:00:00,139.0,0.23008947841672836,1.032674334869177,Summer,avg,12.100836267332294
2023-07-06 17:30:00,142.0,0.23576382640379387,1.0316426921769999,Summer,avg,12.394767493062288
2023-07-06 18:00:00,140.0,0.23408413705615516,1.0316426921769999,Summer,avg,12.307759584854603
2023-07-06 18:30:00,148.0,0.2510479023012247,1.0326743348691767,Summer,avg,13.186482624549205
2023-07-06 19:00:00,150.0,0.24480791120113352,1.0316426921769999,Summer,avg,12.863251085564482
2023-07-06 19:30:00,151.0,0.24021024081902073,1.031642692177,Summer,avg,12.625091759771038
2023-07-06 20:00:00,152.0,0.2381720390021753,1.0306110494848228,Summer,avg,12.519512905658445
2023-07-06 20:30:00,149.0,0.23593098371955412,1.0306110494848228,Summer,avg,12.403426242018668
2023-07-06 21:00:00,146.0,0.23015502676561675,1.0316426921769994,Summer,avg,12.104231671804712
2023-07-06 21:30:00,136.0,0.21575290095839175,1.0316426921769999,Summer,avg,11.358201554990458
2023-07-06 22:00:00,128.0,0.20605973553033494,1.0316426921769999,Summer,avg,10.856095585817116
2023-07-06 22:30:00,119.0,0.18728547285733982,1.032674334869177,Summer,avg,9.883588779355968
2023-07-06 23:00:00,117.0,0.18069385192659554,1.0306110494848228,Summer,avg,9.542142815143414
2023-07-06 23:30:00,110.0,0.17162578362571945,1.0316426921769999,Summer,avg,9.072416877158032
2023-07-03 00:00:00,71.0,0.12344012560995313,1.0316426921769999,Summer,top10,6.576399791941338
2023-07-03 00:30:00,72.0,0.12413656436873155,1.0306110494848228,Summer,top10,6.61247531964606
2023-07-03 01:00:00,76.0,0.12590320501491914,1.030611049484823,Summer,top10,6.703987305118577
2023-07-03 01:30:00,74.0,0.12382902554903269,1.031642692177,Summer,top10,6.596544808785659
2023-07-03 02:00:00,75.0,0.12214853005537156,1.0326743348691767,Summer,top10,6.509495142214012
2023-07-03 02:30:00,75.0,0.12247761421665208,1.0316426921769997,Summer,top10,6.526541701768343
2023-07-03 03:00:00,76.0,0.12635170172120488,1.030611049484823,Summer,top10,6.727219434504178
2023-07-03 03:30:00,79.0,0.13213535685095174,1.031642692177,Summer,top10,7.026812770225066
2023-07-03 04:00:00,76.0,0.12952545299787108,1.0316426921769997,Summer,top10,6.8916197506354875
2023-07-03 04:30:00,78.0,0.13501825224755667,1.0347376202535308,Summer,top10,7.176146751769201
2023-07-03 05:00:00,77.0,0.13929300873840747,1.0316426921769997,Summer,top10,7.3975791379952724
2023-07-03 05:30:00,82.0,0.15080179710192917,1.0306110494848228,Summer,top10,7.993734375225697
2023-07-03 06:00:00,67.0,0.13340589227930286,1.030611049484823,Summer,top10,7.092626505413653
2023-07-03 06:30:00,68.0,0.14128774066931832,1.0337059775613537,Summer,top10,7.5009062520164544
2023-07-03 07:00:00,54.0,0.12266368025545235,1.0316426921769999,Summer,top10,6.536179922578198
2023-07-03 07:30:00,47.0,0.11429954361739866,1.0306110494848228,Summer,top10,6.102917644727016
2023-07-03 08:00:00,44.0,0.11206813147845145,1.0316426921769997,Summer,top10,5.98733049592955
2023-07-03 08:30:00,43.0,0.11151638867894063,1.0316426921769997,Summer,top10,5.95875021891489
2023-07-03 09:00:00,45.0,0.11265244893778997,1.0306110494848228,Summer,top10,6.017598140323286
2023-07-03 09:30:00,42.0,0.10745511148046454,1.033705977561354,Summer,top10,5.748376060033828
2023-07-03 10:00:00,43.0,0.10706969930001353,1.032674334869177,Summer,top10,5.728411709086466
2023-07-03 10:30:00,45.0,0.10922493946698679,1.0306110494848228,Summer,top10,5.840053149735681
2023-07-03 11:00:00,45.0,0.11019629776716289,1.030611049484823,Summer,top10,5.8903695096848026
2023-07-03 11:30:00,49.0,0.1153525683172438,1.0316426921769999,Summer,top10,6.157464324178995
2023-07-03 12:00:00,58.0,0.13326207647335125,1.0306110494848226,Summer,top10,7.085176846665361
2023-07-03 12:30:00,57.0,0.1325543607504952,1.032674334869177,Summer,top10,7.048517172221417
2023-07-03 13:00:00,60.0,0.1369724486858025,1.0316426921769999,Summer,top10,7.277374127270335
2023-07-03 13:30:00,62.0,0.13745080125629133,1.0316426921769999,Summer,top10,7.3021527904216565
2023-07-03 14:00:00,59.0,0.12981159012254195,1.033705977561354,Summer,top10,6.906441653693439
2023-07-03 14:30:00,66.0,0.13887380132547236,1.0337059775613537,Summer,top10,7.375864194005234
2023-07-03 15:00:00,69.0,0.1455741645370007,1.0326743348691771,Summer,top10,7.722943008362401
2023-07-03 15:30:00,74.0,0.1483101823418446,1.032674334869177,Summer,top10,7.864668730653316
2023-07-03 16:00:00,68.0,0.1407224397757865,1.0316426921769999,Summer,top10,7.471623665731506
2023-07-03 16:30:00,59.0,0.12666171729306822,1.0295794067926458,Summer,top10,6.743278241126699
2023-07-03 17:00:00,63.0,0.1293389273136709,1.030611049484823,Summer,top10,6.881957720193918
2023-07-03 17:30:00,67.0,0.1337221300593562,1.0306110494848228,Summer,top10,7.109007622420417
2023-07-03 18:00:00,72.0,0.1428155985844862,1.0306110494848228,Summer,top10,7.58004929202215
2023-07-03 18:30:00,79.0,0.15267212289385376,1.031642692177,Summer,top10,8.09061725124739
2023-07-03 19:00:00,91.0,0.1713615483542263,1.032674334869177,Summer,top10,9.058729490094686
2023-07-03 19:30:00,95.0,0.17457280307648695,1.032674334869177,Summer,top10,9.22507248470779
2023-07-03 20:00:00,97.0,0.17611085637976556,1.0316426921769999,Summer,top10,9.304743645817622
2023-07-03 20:30:00,92.0,0.16187860461227904,1.0295794067926458,Summer,top10,8.56751300426182
2023-07-03 21:00:00,85.0,0.1540987535100683,1.0306110494848228,Summer,top10,8.164516717167304
2023-07-03 21:30:00,71.0,0.12904797971712234,1.032674334869177,Summer,top10,6.866886634692703
2023-07-03 22:00:00,69.0,0.12547669645417048,1.0316426921769997,Summer,top10,6.681894161671796
2023-07-03 22:30:00,62.0,0.11721298027148241,1.0316426921769997,Summer,top10,6.253833663408554
2023-07-03 23:00:00,66.0,0.11631150398703509,1.0316426921769999,Summer,top10,6.207137191874183
2023-07-03 23:30:00,63.0,0.11329911889595798,1.0316426921769997,Summer,top10,6.051095644156389
2023-08-31 00:00:00,220.0,0.33816147481806613,1.032674334869177,Summer,bottom10,17.69896568092159
2023-08-31 00:30:00,222.0,0.34018506821302835,1.031642692177,Summer,bottom10,17.803787818780634
2023-08-31 01:00:00,224.0,0.33952248217129005,1.0316426921769999,Summer,bottom10,17.76946586181859
2023-08-31 01:30:00,225.0,0.34022821219096444,1.0326743348691771,Summer,bottom10,17.806022676837724
2023-08-31 02:00:00,221.0,0.33619593290550565,1.0316426921769999,Summer,bottom10,17.597150609850956
2023-08-31 02:30:00,221.0,0.3363155990559223,1.0306110494848228,Summer,bottom10,17.60334931644254
2023-08-31 03:00:00,220.0,0.3361929534976292,1.031642692177,Summer,bottom10,17.596996276522955
2023-08-31 03:30:00,222.0,0.33916954679493455,1.0316426921769999,Summer,bottom10,17.751183809323376
2023-08-31 04:00:00,227.0,0.34787669684916556,1.0316426921769999,Summer,bottom10,18.20221418213254
2023-08-31 04:30:00,236.0,0.35623278548142084,1.032674334869177,Summer,bottom10,18.635059573283364
2023-08-31 05:00:00,239.0,0.3620180387626396,1.0306110494848228,Summer,bottom10,18.934735693250495
2023-08-31 05:30:00,243.0,0.3695958903756915,1.0316426921769999,Summer,bottom10,19.327268406806585
2023-08-31 06:00:00,239.0,0.37333781781089687,1.0306110494848228,Summer,bottom10,19.521100247950223
2023-08-31 06:30:00,233.0,0.3763345663956012,1.030611049484823,Summer,bottom10,19.676331824637906
2023-08-31 07:00:00,216.0,0.3444807076967291,1.0316426921769999,Summer,bottom10,18.026301944036334
2023-08-31 07:30:00,212.0,0.33417892955967443,1.0316426921769999,Summer,bottom10,17.4926698365369
2023-08-31 08:00:00,201.0,0.32143416096385174,1.0337059775613537,Summer,bottom10,16.832490823273286
2023-08-31 08:30:00,196.0,0.3135726812184137,1.0306110494848228,Summer,bottom10,16.425266172459594
2023-08-31 09:00:00,196.0,0.31174720784479815,1.032674334869177,Summer,bottom10,16.330706651706308
2023-08-31 09:30:00,190.0,0.305051796966837,1.032674334869177,Summer,bottom10,15.98388436822792
2023-08-31 10:00:00,182.0,0.29474741257158493,1.0316426921769999,Summer,bottom10,15.450117256553865
2023-08-31 10:30:00,179.0,0.2926310101710597,1.032674334869177,Summer,bottom10,15.340487612206656
2023-08-31 11:00:00,177.0,0.29404484739542847,1.032674334869177,Summer,bottom10,15.41372438042896
2023-08-31 11:30:00,176.0,0.2921118221692013,1.0326743348691767,Summer,bottom10,15.313593673710391
2023-08-31 12:00:00,178.0,0.2953394016109215,1.0316426921769999,Summer,bottom10,15.480782288791497
2023-08-31 12:30:00,181.0,0.2960179876725374,1.0316426921769999,Summer,bottom10,15.515933046783202
2023-08-31 13:00:00,188.0,0.3053267022481411,1.0337059775613537,Summer,bottom10,15.998124461799476
2023-08-31 13:30:00,192.0,0.3080972145040341,1.0316426921769999,Summer,bottom10,16.141636996654732
2023-08-31 14:00:00,200.0,0.31997518964136595,1.0306110494848228,Summer,bottom10,16.75691610876852
2023-08-31 14:30:00,203.0,0.32300722711713636,1.0306110494848226,Summer,bottom10,16.913975650013427
2023-08-31 15:00:00,207.0,0.3308410094934694,1.031642692177,Summer,bottom10,17.31976557710748
2023-08-31 15:30:00,211.0,0.3372381910960791,1.030611049484823,Summer,bottom10,17.651139584122664
2023-08-31 16:00:00,212.0,0.34208864219087315,1.0316426921769999,Summer,bottom10,17.902392950832994
2023-08-31 16:30:00,215.0,0.3463049375807219,1.032674334869177,Summer,bottom10,18.120797052027157
2023-08-31 17:00:00,216.0,0.35555505958412553,1.0316426921769997,Summer,bottom10,18.599953371803466
2023-08-31 17:30:00,215.0,0.3570903398156666,1.0306110494848228,Summer,bottom10,18.679480887797297
2023-08-31 18:00:00,220.0,0.3643230745637548,1.0316426921769999,Summer,bottom10,19.054136547748264
2023-08-31 18:30:00,221.0,0.36877178405629446,1.0306110494848228,Summer,bottom10,19.28457969946182
2023-08-31 19:00:00,221.0,0.36499118512150275,1.029579406792646,Summer,bottom10,19.088744674639607
2023-08-31 19:30:00,223.0,0.3572749208570562,1.031642692177,Summer,bottom10,18.689042185741275
2023-08-31 20:00:00,231.0,0.36246509445339453,1.031642692177,Summer,bottom10,18.9578931780316
2023-08-31 20:30:00,230.0,0.35642263285932574,1.031642692177,Summer,bottom10,18.644893667458838
2023-08-31 21:00:00,233.0,0.35880556874127356,1.0316426921769999,Summer,bottom10,18.768329746143735
2023-08-31 21:30:00,228.0,0.35318263168643865,1.032674334869177,Summer,bottom10,18.477061606703288
2023-08-31 22:00:00,214.0,0.3345815250392602,1.0316426921769999,Summer,bottom10,17.513524282379443
2023-08-31 22:30:00,209.0,0.3286465536527198,1.031642692177,Summer,bottom10,17.20609276455665
2023-08-31 23:00:00,215.0,0.33388165589715135,1.032674334869177,Summer,bottom10,17.477271060818204
2023-08-31 23:30:00,215.0,0.33439662852267804,1.032674334869177,Summer,bottom10,17.503946642820488
2023-10-15 00:00:00,87.0,0.14058740772827094,1.0316426921769999,Autumn,avg,7.4646290056702
2023-10-15 00:30:00,87.0,0.139870736876111,1.032674334869177,Autumn,avg,7.4275054555283155
2023-10-15 01:00:00,80.0,0.1283169394410606,1.0316426921769999,Autumn,avg,6.829018748392704
2023-10-15 01:30:00,80.0,0.1282837985831953,1.0326743348691771,Autumn,avg,6.827302051955282
2023-10-15 02:00:00,70.0,0.11670955660496016,1.0306110494848228,Autumn,avg,6.227756317482702
2023-10-15 02:30:00,65.0,0.11144550705979867,1.0326743348691767,Autumn,avg,5.955078551043337
2023-10-15 03:00:00,69.0,0.11836099003145817,1.0316426921769997,Autumn,avg,6.313300568975299
2023-10-15 03:30:00,71.0,0.121624511354465,1.0337059775613537,Autumn,avg,6.482350973507052
2023-10-15 04:00:00,77.0,0.13010117121901765,1.032674334869177,Autumn,avg,6.92144195449088
2023-10-15 04:30:00,80.0,0.1350877055283755,1.030611049484823,Autumn,avg,7.1797444317156165
2023-10-15 05:00:00,71.0,0.1268940242776978,1.0316426921769999,Autumn,avg,6.755311742930512
2023-10-15 05:30:00,75.0,0.13736144752699547,1.032674334869177,Autumn,avg,7.297524267244131
2023-10-15 06:00:00,67.0,0.1317932534869202,1.0316426921769999,Autumn,avg,7.009091815968231
2023-10-15 06:30:00,71.0,0.13940090937878424,1.030611049484823,Autumn,avg,7.40316839116679
2023-10-15 07:00:00,67.0,0.14028370298062193,1.0316426921769999,Autumn,avg,7.448897099741981
2023-10-15 07:30:00,61.0,0.13331913861280278,1.0316426921769999,Autumn,avg,7.088132665488949
2023-10-15 08:00:00,57.0,0.13053421949654564,1.0306110494848228,Autumn,avg,6.94387385526683
2023-10-15 08:30:00,55.0,0.12935206786607795,1.0295794067926458,Autumn,avg,6.882638400808603
2023-10-15 09:00:00,57.0,0.13163295077339818,1.0316426921769997,Autumn,avg,7.000788135407791
2023-10-15 09:30:00,58.0,0.13289750156966446,1.031642692177,Autumn,avg,7.066291866654384
2023-10-15 10:00:00,54.0,0.1266689451060843,1.0306110494848228,Autumn,avg,6.743652641840932
2023-10-15 10:30:00,55.0,0.12815077399031272,1.0306110494848228,Autumn,avg,6.820411378043964
2023-10-15 11:00:00,55.0,0.12996889651004873,1.029579406792646,Autumn,avg,6.914590124566289
2023-10-15 11:30:00,55.0,0.12980889464077117,1.0306110494848228,Autumn,avg,6.906302027737712
2023-10-15 12:00:00,60.0,0.13688857786912365,1.0316426921769999,Autumn,avg,7.27302961896637
2023-10-15 12:30:00,62.0,0.13943208308908783,1.0316426921769999,Autumn,avg,7.404783189360515
2023-10-15 13:00:00,67.0,0.14910977019727398,1.032674334869177,Autumn,avg,7.906087381564557
2023-10-15 13:30:00,76.0,0.15782250713634152,1.032674334869177,Autumn,avg,8.357407155008255
2023-10-15 14:00:00,88.0,0.17457684528647296,1.0316426921769999,Autumn,avg,9.225281871185064
2023-10-15 14:30:00,111.0,0.19590568446465995,1.0306110494848228,Autumn,avg,10.33011574061515
2023-10-15 15:00:00,135.0,0.23368054667309274,1.031642692177,Autumn,avg,12.286853603011968
2023-10-15 15:30:00,159.0,0.27913319131480435,1.0316426921769999,Autumn,avg,14.64130059545263
2023-10-15 16:00:00,181.0,0.31816914456951434,1.0295794067926458,Autumn,avg,16.663362974046606
2023-10-15 16:30:00,191.0,0.3342098034620546,1.031642692177,Autumn,avg,17.494269104680193
2023-10-15 17:00:00,197.0,0.35178652390170556,1.031642692177,Autumn,avg,18.404743223454112
2023-10-15 17:30:00,206.0,0.37160763967229604,1.032674334869177,Autumn,avg,19.4314770203707
2023-10-15 18:00:00,209.0,0.37370183119565176,1.0316426921769997,Autumn,avg,19.539956141280527
2023-10-15 18:30:00,208.0,0.364126130205638,1.0316426921769999,Autumn,avg,19.043934829997813
2023-10-15 19:00:00,200.0,0.35170547704250493,1.0316426921769999,Autumn,avg,18.40054499614752
2023-10-15 19:30:00,201.0,0.3342386525540897,1.0306110494848228,Autumn,avg,17.49576348764761
2023-10-15 20:00:00,200.0,0.324797382014268,1.0316426921769999,Autumn,avg,17.00670567368485
2023-10-15 20:30:00,197.0,0.31482638847002303,1.0306110494848228,Autumn,avg,16.49020820809296
2023-10-15 21:00:00,198.0,0.31304646127785696,1.0306110494848228,Autumn,avg,16.398007979538754
2023-10-15 21:30:00,192.0,0.30417747627774866,1.0306110494848228,Autumn,avg,15.938594556533145
2023-10-15 22:00:00,182.0,0.2888223753621638,1.0306110494848228,Autumn,avg,15.14320032910585
2023-10-15 22:30:00,176.0,0.28437213460241395,1.0316426921769999,Autumn,avg,14.912677857750808
2023-10-15 23:00:00,174.0,0.28094501996152593,1.032674334869177,Autumn,avg,14.735153319352808
2023-10-15 23:30:00,173.0,0.279323901081655,1.031642692177,Autumn,avg,14.651179361375494
2023-09-19 00:00:00,54.0,0.10025817934216076,1.032674334869177,Autumn,top10,5.375574975269693
2023-09-19 00:30:00,55.0,0.1021703199723553,1.0326743348691771,Autumn,top10,5.47462385991377
2023-09-19 01:00:00,54.0,0.09256016527205174,1.0306110494848228,Autumn,top10,4.9768178464380455
2023-09-19 01:30:00,55.0,0.09463068091960074,1.0306110494848226,Autumn,top10,5.084070556981084
2023-09-19 02:00:00,56.0,0.09625762354540983,1.0326743348691771,Autumn,top10,5.168346184997994
2023-09-19 02:30:00,57.0,0.09888315150626054,1.031642692177,Autumn,top10,5.304348533370061
2023-09-19 03:00:00,59.0,0.10490922659954337,1.0316426921769999,Autumn,top10,5.616499223202112
2023-09-19 03:30:00,64.0,0.11307764417834829,1.031642692177,Autumn,top10,6.039623253784207
2023-09-19 04:00:00,60.0,0.10877386484828536,1.0306110494848228,Autumn,top10,5.8166874844869465
2023-09-19 04:30:00,62.0,0.11373939942162266,1.0316426921769997,Autumn,top10,6.073902175385819
2023-09-19 05:00:00,64.0,0.11718269311934472,1.0306110494848228,Autumn,top10,6.252264788927822
2023-09-19 05:30:00,70.0,0.13969628220965272,1.0316426921769997,Autumn,top10,7.418468703805776
2023-09-19 06:00:00,69.0,0.14575008828995423,1.0337059775613542,Autumn,top10,7.732055858765395
2023-09-19 06:30:00,62.0,0.1437255021282577,1.0316426921769999,Autumn,top10,7.627182295589513
2023-09-19 07:00:00,57.0,0.13920440762964734,1.0295794067926458,Autumn,top10,7.3929896005614975
2023-09-19 07:30:00,61.0,0.1417606170046037,1.0316426921769999,Autumn,top10,7.525401246184238
2023-09-19 08:00:00,57.0,0.13862223199485382,1.030611049484823,Autumn,top10,7.362832902679194
2023-09-19 08:30:00,54.0,0.1370122008384559,1.031642692177,Autumn,top10,7.27943328877778
2023-09-19 09:00:00,58.0,0.13704703263402448,1.032674334869177,Autumn,top10,7.281237575788234
2023-09-19 09:30:00,59.0,0.13686433470865633,1.032674334869177,Autumn,top10,7.271773823254163
2023-09-19 10:00:00,55.0,0.13362148292078763,1.031642692177,Autumn,top10,7.103794100642564
2023-09-19 10:30:00,53.0,0.13085208896353367,1.0316426921769999,Autumn,top10,6.96033949365681
2023-09-19 11:00:00,54.0,0.12793059396529616,1.031642692177,Autumn,top10,6.809006052748106
2023-09-19 11:30:00,54.0,0.12777081715481034,1.0316426921769999,Autumn,top10,6.800729613964941
2023-09-19 12:00:00,54.0,0.12914003873278598,1.032674334869177,Autumn,top10,6.871655291704079
2023-09-19 12:30:00,56.0,0.12795963105828942,1.033705977561354,Autumn,top10,6.810510174165158
2023-09-19 13:00:00,52.0,0.12332516985347936,1.0316426921769999,Autumn,top10,6.570445083755996
2023-09-19 13:30:00,50.0,0.11816792897412953,1.0316426921769999,Autumn,top10,6.303300006205675
2023-09-19 14:00:00,51.0,0.12223522738317945,1.0316426921769999,Autumn,top10,6.51398606379446
2023-09-19 14:30:00,55.0,0.12786193892774148,1.030611049484823,Autumn,top10,6.805449721802773
2023-09-19 15:00:00,56.0,0.1320719789534833,1.032674334869177,Autumn,top10,7.0235297951362
2023-09-19 15:30:00,60.0,0.13312214211141774,1.0306110494848228,Autumn,top10,7.077928246717204
2023-09-19 16:00:00,61.0,0.13767231790397072,1.032674334869177,Autumn,top10,7.313627352771449
2023-09-19 16:30:00,62.0,0.1403129618185438,1.0316426921769999,Autumn,top10,7.4504127075463344
2023-09-19 17:00:00,68.0,0.1555260210237531,1.031642692177,Autumn,top10,8.238449174376175
2023-09-19 17:30:00,65.0,0.14974829254379743,1.0306110494848228,Autumn,top10,7.939162839114472
2023-09-19 18:00:00,67.0,0.14771317567699266,1.032674334869177,Autumn,top10,7.833743785413985
2023-09-19 18:30:00,69.0,0.14716578767116933,1.0316426921769999,Autumn,top10,7.805389086712337
2023-09-19 19:00:00,64.0,0.13339294017194964,1.0306110494848226,Autumn,top10,7.091955586252756
2023-09-19 19:30:00,52.0,0.1105311439462048,1.032674334869177,Autumn,top10,5.907714541759174
2023-09-19 20:00:00,45.0,0.0964584745854617,1.031642692177,Autumn,top10,5.178750268872681
2023-09-19 20:30:00,37.0,0.0859324551444975,1.031642692177,Autumn,top10,4.633502461830736
2023-09-19 21:00:00,43.0,0.09273985223481274,1.0316426921769999,Autumn,top10,4.986125631109065
2023-09-19 21:30:00,49.0,0.09970524232895162,1.0316426921769999,Autumn,top10,5.3469328379854595
2023-09-19 22:00:00,59.0,0.11016504606000496,1.0316426921769999,Autumn,top10,5.888750671254022
2023-09-19 22:30:00,60.0,0.10904450692001046,1.0295794067926458,Autumn,top10,5.830706743802307
2023-09-19 23:00:00,64.0,0.11265544114067147,1.0326743348691767,Autumn,top10,6.017753136432548
2023-09-19 23:30:00,61.0,0.10738103373436231,1.0306110494848228,Autumn,top10,5.744538832785733
2023-09-09 00:00:00,237.0,0.3642241226834021,1.0295794067926456,Autumn,bottom10,19.049010840345993
2023-09-09 00:30:00,231.0,0.35913417154235644,1.032674334869177,Autumn,bottom10,18.785351371239827
2023-09-09 01:00:00,220.0,0.34476957554197346,1.030611049484823,Autumn,bottom10,18.04126529841999
2023-09-09 01:30:00,217.0,0.3403662142246461,1.0306110494848226,Autumn,bottom10,17.813171182182433
2023-09-09 02:00:00,214.0,0.33812235073790164,1.030611049484823,Autumn,bottom10,17.69693905356907
2023-09-09 02:30:00,211.0,0.33386079618477243,1.031642692177,Autumn,bottom10,17.476190527716977
2023-09-09 03:00:00,208.0,0.33036483734449357,1.0316426921769997,Autumn,bottom10,17.295099859790533
2023-09-09 03:30:00,206.0,0.3291899720316821,1.031642692177,Autumn,bottom10,17.234241836586897
2023-09-09 04:00:00,214.0,0.3355918474295734,1.0306110494848228,Autumn,bottom10,17.565858982197664
2023-09-09 04:30:00,214.0,0.3399761358959854,1.030611049484823,Autumn,bottom10,17.79296512475781
2023-09-09 05:00:00,215.0,0.34042278279898974,1.0337059775613542,Autumn,bottom10,17.816101434333433
2023-09-09 05:30:00,212.0,0.34455996411986267,1.0306110494848228,Autumn,bottom10,18.03040742675465
2023-09-09 06:00:00,203.0,0.3276067213772105,1.0316426921769999,Autumn,bottom10,17.15222945268527
2023-09-09 06:30:00,196.0,0.32525111480902585,1.0326743348691771,Autumn,bottom10,17.030209032453303
2023-09-09 07:00:00,186.0,0.3036143934783194,1.0316426921769999,Autumn,bottom10,15.909426867522711
2023-09-09 07:30:00,180.0,0.29623195779247785,1.030611049484823,Autumn,bottom10,15.527016698996118
2023-09-09 08:00:00,170.0,0.2841010274504341,1.031642692177,Autumn,bottom10,14.898634507278251
2023-09-09 08:30:00,162.0,0.27691188151593776,1.0316426921769999,Autumn,bottom10,14.52623674787134
2023-09-09 09:00:00,154.0,0.26632744221476845,1.030611049484823,Autumn,bottom10,13.977962792070771
2023-09-09 09:30:00,143.0,0.24692414290993503,1.031642692177,Autumn,bottom10,12.9728718880804
2023-09-09 10:00:00,135.0,0.23544754783577912,1.0316426921769999,Autumn,bottom10,12.378384263239123
2023-09-09 10:30:00,127.0,0.22403638750814223,1.0316426921769999,Autumn,bottom10,11.787286158267532
2023-09-09 11:00:00,121.0,0.21601470410752224,1.032674334869177,Autumn,bottom10,11.371762958115417
2023-09-09 11:30:00,119.0,0.21355355598666456,1.030611049484823,Autumn,bottom10,11.24427548545499
2023-09-09 12:00:00,118.0,0.21158245781010987,1.0316426921769999,Autumn,bottom10,11.142172599909456
2023-09-09 12:30:00,118.0,0.21113585646220867,1.032674334869177,Autumn,bottom10,11.119038650088175
2023-09-09 13:00:00,120.0,0.21443987862877686,1.0316426921769999,Autumn,bottom10,11.290186998316406
2023-09-09 13:30:00,126.0,0.22197611605585052,1.032674334869177,Autumn,bottom10,11.680564097038822
2023-09-09 14:00:00,137.0,0.2351251374905882,1.033705977561354,Autumn,bottom10,12.361683407358234
2023-09-09 14:30:00,145.0,0.24750547285938337,1.032674334869177,Autumn,bottom10,13.002984779461825
2023-09-09 15:00:00,161.0,0.27383725276129206,1.0306110494848228,Autumn,bottom10,14.366970978380694
2023-09-09 15:30:00,180.0,0.2981853795253829,1.0306110494848233,Autumn,bottom10,15.628203944760598
2023-09-09 16:00:00,204.0,0.33543362068097077,1.0316426921769999,Autumn,bottom10,17.55766283662005
2023-09-09 16:30:00,221.0,0.36044239707769093,1.0306110494848228,Autumn,bottom10,18.853117453970157
2023-09-09 17:00:00,238.0,0.39224762217365267,1.0326743348691771,Autumn,bottom10,20.500628113940973
2023-09-09 17:30:00,249.0,0.4114615516457754,1.033705977561354,Autumn,bottom10,21.49590966059693
2023-09-09 18:00:00,252.0,0.41474837628059635,1.0285477641004692,Autumn,bottom10,21.666167176680656
2023-09-09 18:30:00,253.0,0.42021823556660615,1.030611049484823,Autumn,bottom10,21.949505887695963
2023-09-09 19:00:00,260.0,0.4169802002821783,1.032674334869177,Autumn,bottom10,21.7817756599626
2023-09-09 19:30:00,262.0,0.40847781214587414,1.0306110494848228,Autumn,bottom10,21.341351954502045
2023-09-09 20:00:00,271.0,0.41393308999437484,1.031642692177,Autumn,bottom10,21.62393534705438
2023-09-09 20:30:00,272.0,0.4089608408049173,1.030611049484823,Autumn,bottom10,21.36637283904048
2023-09-09 21:00:00,276.0,0.41047118174017666,1.0316426921769999,Autumn,bottom10,21.444608499486915
2023-09-09 21:30:00,270.0,0.4045264631237935,1.031642692177,Autumn,bottom10,21.136672075158266
2023-09-09 22:00:00,249.0,0.3811358860466197,1.032674334869177,Autumn,bottom10,19.925040182560664
2023-09-09 22:30:00,239.0,0.36823354330249625,1.0306110494848228,Autumn,bottom10,19.25669882841507
2023-09-09 23:00:00,227.0,0.3596894878696064,1.032674334869177,Autumn,bottom10,18.81411675699138
2023-09-09 23:30:00,227.0,0.355970544072591,1.030611049484823,Autumn,bottom10,18.621475468305977
