datetime,carbon_intensity,SMR,SMR-CCS,AE operation,PEM operation,SOEC operation,MP-E
2023-01-15 00:00:00,56.0,10.672650629824606,3.1279082877608033,5.459769233632917,5.696786198534664,6.033859196905024,3.512485237876355
2023-01-15 00:30:00,57.0,10.671749077139356,3.12786730809357,5.502224167629184,5.7410442384876506,6.0685279942428965,3.52091885323613
2023-01-15 01:00:00,55.0,10.67528740054507,3.128028140974559,5.335601307861856,5.567344729608153,5.932463381408071,3.4878194469445765
2023-01-15 01:30:00,55.0,10.675891008282555,3.128055577689714,5.307176871804321,5.537713077683171,5.909251921152152,3.482172971070915
2023-01-15 02:00:00,65.0,10.664146533503716,3.1275217379306546,5.860234845802066,6.114260008875229,6.360880342440184,3.5920371914407805
2023-01-15 02:30:00,65.0,10.663360982845598,3.1274860310828005,5.897227139083305,6.152823403983499,6.39108833473015,3.5993856605925028
2023-01-15 03:00:00,70.0,10.656416041657604,3.1271703519400287,6.224270721303427,6.4937568730954345,6.658152880717623,3.6643524269657672
2023-01-15 03:30:00,74.0,10.65224564785558,3.1269807885866747,6.4206583495589395,6.698485291666727,6.818523472372627,3.7033645643600046
2023-01-15 04:00:00,66.0,10.66435117737295,3.127531039924648,5.850597980310758,6.104213855512389,6.353010855781228,3.5901228411126263
2023-01-15 04:30:00,66.0,10.664703689393063,3.12754706319818,5.833997869422504,6.08690872035469,6.339455166818863,3.586825251480911
2023-01-15 05:00:00,66.0,10.662910142707926,3.1274655383494077,5.918457610248141,6.174955555716832,6.408425186608568,3.603603065046055
2023-01-15 05:30:00,65.0,10.666005380313486,3.1276062309668897,5.772700062855879,6.0230075311008235,6.289399236139492,3.5746485249071207
2023-01-15 06:00:00,65.0,10.665622039956853,3.1275888064053428,5.790751908083945,6.041826057291419,6.304140414722917,3.5782344996068134
2023-01-15 06:30:00,66.0,10.662656959145972,3.1274540300057607,5.9303802539133486,6.187384566670574,6.418161245013393,3.60597148212457
2023-01-15 07:00:00,60.0,10.665499655699536,3.1275832434845925,5.7965150938094165,6.047834011611097,6.308846645521778,3.5793793486757077
2023-01-15 07:30:00,68.0,10.65213228056652,3.126975635528117,6.42599691806733,6.704050594826941,6.822882959769498,3.704425063791604
2023-01-15 08:00:00,69.0,10.643828972110924,3.1265982124190552,6.817007247469897,7.1116675465397945,7.142182899518879,3.782098738191156
2023-01-15 08:30:00,74.0,10.634260001915285,3.1261632592312907,7.267618736642647,7.581416982325873,7.51015328424778,3.8716121025674375
2023-01-15 09:00:00,63.0,10.650823380696185,3.1269161400798677,6.487634200626528,6.768305677977897,6.873216107329914,3.7166692268133104
2023-01-15 09:30:00,62.0,10.646820110233508,3.126734173241888,6.676151839188337,6.964829860068122,7.027160047190666,3.754118001372784
2023-01-15 10:00:00,59.0,10.653045441487501,3.127017142842426,6.382995341717405,6.6592226960412875,6.787767773020752,3.695882858665782
2023-01-15 10:30:00,66.0,10.643622208101833,3.1265888140550686,6.8267439522705144,7.121817779493025,7.150133915188835,3.7840329214634076
2023-01-15 11:00:00,67.0,10.6376180868505,3.1263158994545837,7.109483469995557,7.41656554362482,7.3810196595943935,3.8401987451980832
2023-01-15 11:30:00,72.0,10.627757066389572,3.1258676712548503,7.573847871160305,7.900651992123374,7.760220704078843,3.9324441069866687
2023-01-15 12:00:00,80.0,10.61346631378968,3.12521809159562,8.246812378184456,8.602198013639615,8.309765077688098,4.0661275983688965
2023-01-15 12:30:00,87.0,10.608016799405977,3.1249703863980374,8.50343495527549,8.869719623041513,8.519323667939906,4.117105327082608
2023-01-15 13:00:00,92.0,10.601737483965147,3.1246849629708424,8.79913361708817,9.17797691981886,8.760791879393608,4.175845467306307
2023-01-15 13:30:00,97.0,10.59404055139161,3.1243351024016874,9.161589155993072,9.555826328875636,9.056773911149635,4.247846771098538
2023-01-15 14:00:00,105.0,10.581829590406027,3.1237800587242837,9.73661438874501,10.155273491538694,9.526340846766406,4.3620747577825325
2023-01-15 14:30:00,116.0,10.56354526524166,3.1229489530406243,10.597639851505338,11.052867616516835,10.229456231984281,4.533116304297063
2023-01-15 15:00:00,131.0,10.545673036052444,3.1221365789920714,11.439259340869073,11.930231575880104,10.916724654422998,4.70030288037816
2023-01-15 15:30:00,148.0,10.517301154872507,3.120846948038082,12.775316969614982,13.323032985434205,12.007752405562169,4.96570892577039
2023-01-15 16:00:00,162.0,10.483652943300333,3.11931748388607,14.359841784150502,14.97485424499323,13.301679035545641,5.2804726423972514
2023-01-15 16:30:00,174.0,10.453249123905621,3.1179354921047615,15.791585227163567,16.467405346565265,14.470844044022877,5.56488654569799
2023-01-15 17:00:00,179.0,10.427246100862703,3.116753536519908,17.016091176790844,17.7439173591864,15.470778435874227,5.80813300053459
2023-01-15 17:30:00,182.0,10.417691784330646,3.116319249407756,17.466012611649166,18.212947433321354,15.838185320653242,5.897509286552307
2023-01-15 18:00:00,185.0,10.40990448828547,3.115965281408099,17.832723448427124,18.595232867253223,16.137642238498746,5.970355899525931
2023-01-15 18:30:00,187.0,10.412442509013415,3.116080645985861,17.71320574940753,18.47063912512743,16.0400438089272,5.946613869864423
2023-01-15 19:00:00,193.0,10.411305039901773,3.116028942844773,17.76677020198768,18.526478516670487,16.083784664847002,5.957254376102348
2023-01-15 19:30:00,199.0,10.407600553770777,3.1158605571126876,17.94121781526031,18.70833510461388,16.22623898949996,5.991908159120872
2023-01-15 20:00:00,196.0,10.420839895537696,3.116462345370743,17.317765198386507,18.05840379559759,15.717126139953097,5.868060137917451
2023-01-15 20:30:00,188.0,10.433949606457492,3.117058241317606,16.700417015727584,17.414836182574724,15.212998185511166,5.745424754334949
2023-01-15 21:00:00,190.0,10.445287923449579,3.117573619359211,16.16648538044591,16.85822790593632,14.776988376675133,5.639359955346499
2023-01-15 21:30:00,186.0,10.455700006438851,3.1180468958555174,15.676170944800269,16.347089297541885,14.376596473987778,5.541959654219084
2023-01-15 22:00:00,182.0,10.458998638581315,3.11819683367916,15.520835364109761,16.185156450421555,14.249749079364728,5.511102450687771
2023-01-15 22:30:00,179.0,10.4682381102953,3.1186168096633136,15.085740257417225,15.731582394293241,13.894449408472541,5.424671394757071
2023-01-15 23:00:00,164.0,10.484856762783599,3.11937220295312,14.303152832365711,14.915757653459146,13.25538670634555,5.269211458607782
2023-01-15 23:30:00,163.0,10.48534190665024,3.11939425494691,14.280306967477529,14.891941500522224,13.236730720214783,5.264673158370515
2023-01-16 00:00:00,173.0,10.476628057972578,3.1189981709187897,14.690650008451414,15.319712244517454,13.571817796967283,5.346187249840751
