datetime,carbon_intensity,REP_SEASON,REP_KIND,AE operation
2023-02-15 00:00:00,133.0,Winter,avg,10.456181273726616
2023-02-15 00:30:00,137.0,Winter,avg,10.675101793084705
2023-02-15 01:00:00,136.0,Winter,avg,10.736355683971773
2023-02-15 01:30:00,133.0,Winter,avg,10.565361409724979
2023-02-15 02:00:00,133.0,Winter,avg,10.627153384774687
2023-02-15 02:30:00,138.0,Winter,avg,10.942370010132478
2023-02-15 03:00:00,143.0,Winter,avg,11.313899608261533
2023-02-15 03:30:00,140.0,Winter,avg,11.030202900632133
2023-02-15 04:00:00,144.0,Winter,avg,11.296590627841622
2023-02-15 04:30:00,143.0,Winter,avg,11.18080120997545
2023-02-15 05:00:00,153.0,Winter,avg,11.687234884726905
2023-02-15 05:30:00,160.0,Winter,avg,12.243648880447516
2023-02-15 06:00:00,164.0,Winter,avg,13.022028675220916
2023-02-15 06:30:00,177.0,Winter,avg,14.074887306160045
2023-02-15 07:00:00,182.0,Winter,avg,14.851029115661621
2023-02-15 07:30:00,186.0,Winter,avg,15.38340351525804
2023-02-15 08:00:00,180.0,Winter,avg,14.220189882610624
2023-02-15 08:30:00,178.0,Winter,avg,14.058193503918808
2023-02-15 09:00:00,172.0,Winter,avg,13.65101131582867
2023-02-15 09:30:00,170.0,Winter,avg,13.55199846158387
2023-02-15 10:00:00,170.0,Winter,avg,13.557579258437292
2023-02-15 10:30:00,161.0,Winter,avg,13.03029737950522
2023-02-15 11:00:00,161.0,Winter,avg,12.993016459314276
2023-02-15 11:30:00,159.0,Winter,avg,12.835595818419993
2023-02-15 12:00:00,159.0,Winter,avg,12.78402769243822
2023-02-15 12:30:00,155.0,Winter,avg,12.529986007930123
2023-02-15 13:00:00,157.0,Winter,avg,12.439347526517043
2023-02-15 13:30:00,153.0,Winter,avg,12.105626137387105
2023-02-15 14:00:00,152.0,Winter,avg,11.9720965714199
2023-02-15 14:30:00,150.0,Winter,avg,11.737329886813702
2023-02-15 15:00:00,158.0,Winter,avg,12.681025589637278
2023-02-15 15:30:00,161.0,Winter,avg,13.120469140534984
2023-02-15 16:00:00,170.0,Winter,avg,13.924323510516798
2023-02-15 16:30:00,172.0,Winter,avg,14.37853497951498
2023-02-15 17:00:00,175.0,Winter,avg,14.710087971623997
2023-02-15 17:30:00,175.0,Winter,avg,15.358575539789001
2023-02-15 18:00:00,180.0,Winter,avg,15.48191766322703
2023-02-15 18:30:00,176.0,Winter,avg,14.977676487459336
2023-02-15 19:00:00,175.0,Winter,avg,14.152710175668776
2023-02-15 19:30:00,173.0,Winter,avg,13.97081975785123
2023-02-15 20:00:00,175.0,Winter,avg,13.949990891813453
2023-02-15 20:30:00,175.0,Winter,avg,13.673488662498848
2023-02-15 21:00:00,168.0,Winter,avg,13.22047795196183
2023-02-15 21:30:00,166.0,Winter,avg,13.087107054557492
2023-02-15 22:00:00,167.0,Winter,avg,12.95853533930847
2023-02-15 22:30:00,160.0,Winter,avg,12.317004788842954
2023-02-15 23:00:00,149.0,Winter,avg,11.986441163501276
2023-02-15 23:30:00,148.0,Winter,avg,11.98854439812281
2023-12-23 00:00:00,53.0,Winter,top10,6.174529210233622
2023-12-23 00:30:00,52.0,Winter,top10,6.105305584641516
2023-12-23 01:00:00,56.0,Winter,top10,5.8709576366202745
2023-12-23 01:30:00,51.0,Winter,top10,5.576032815913864
2023-12-23 02:00:00,48.0,Winter,top10,5.360349650159281
2023-12-23 02:30:00,48.0,Winter,top10,5.31790075273853
2023-12-23 03:00:00,48.0,Winter,top10,5.029030472641726
2023-12-23 03:30:00,46.0,Winter,top10,5.007998242520746
2023-12-23 04:00:00,51.0,Winter,top10,5.5920017032379725
2023-12-23 04:30:00,49.0,Winter,top10,5.203766913260524
2023-12-23 05:00:00,46.0,Winter,top10,4.871457808439754
2023-12-23 05:30:00,46.0,Winter,top10,4.90540570236274
2023-12-23 06:00:00,47.0,Winter,top10,4.948343514585707
2023-12-23 06:30:00,46.0,Winter,top10,4.9654821032751855
2023-12-23 07:00:00,45.0,Winter,top10,5.03894896482001
2023-12-23 07:30:00,47.0,Winter,top10,5.255528974524565
2023-12-23 08:00:00,43.0,Winter,top10,5.411747863385037
2023-12-23 08:30:00,44.0,Winter,top10,5.8888420829387496
2023-12-23 09:00:00,41.0,Winter,top10,5.787952882722487
2023-12-23 09:30:00,38.0,Winter,top10,5.710990035738675
2023-12-23 10:00:00,34.0,Winter,top10,5.490935906326975
2023-12-23 10:30:00,34.0,Winter,top10,5.216756019196156
2023-12-23 11:00:00,31.0,Winter,top10,4.9648495569241105
2023-12-23 11:30:00,31.0,Winter,top10,5.1258246650377
2023-12-23 12:00:00,32.0,Winter,top10,5.09589514677685
2023-12-23 12:30:00,34.0,Winter,top10,5.102740241391351
2023-12-23 13:00:00,36.0,Winter,top10,5.34088930522225
2023-12-23 13:30:00,38.0,Winter,top10,5.478315901687971
2023-12-23 14:00:00,35.0,Winter,top10,5.1429041277231
2023-12-23 14:30:00,36.0,Winter,top10,5.464744744909924
2023-12-23 15:00:00,39.0,Winter,top10,6.054851039096866
2023-12-23 15:30:00,43.0,Winter,top10,6.701995147925182
2023-12-23 16:00:00,46.0,Winter,top10,7.2603786504042125
2023-12-23 16:30:00,54.0,Winter,top10,8.108807313168262
2023-12-23 17:00:00,59.0,Winter,top10,8.511875059236397
2023-12-23 17:30:00,58.0,Winter,top10,8.64711737754524
2023-12-23 18:00:00,56.0,Winter,top10,8.682431326999337
2023-12-23 18:30:00,57.0,Winter,top10,8.497768995870189
2023-12-23 19:00:00,54.0,Winter,top10,8.239123303186133
2023-12-23 19:30:00,53.0,Winter,top10,7.641036475306538
2023-12-23 20:00:00,56.0,Winter,top10,7.165145055642972
2023-12-23 20:30:00,51.0,Winter,top10,6.3741991839163745
2023-12-23 21:00:00,51.0,Winter,top10,6.120140402627062
2023-12-23 21:30:00,52.0,Winter,top10,5.589406762374544
2023-12-23 22:00:00,61.0,Winter,top10,6.081657610062262
2023-12-23 22:30:00,56.0,Winter,top10,5.499455973660209
2023-12-23 23:00:00,51.0,Winter,top10,5.05784513598665
2023-12-23 23:30:00,53.0,Winter,top10,5.4126026801355405
2023-02-07 00:00:00,225.0,Winter,bottom10,16.79418672178353
2023-02-07 00:30:00,230.0,Winter,bottom10,17.16647405387846
2023-02-07 01:00:00,229.0,Winter,bottom10,16.90744608201618
2023-02-07 01:30:00,229.0,Winter,bottom10,16.96892941738498
2023-02-07 02:00:00,228.0,Winter,bottom10,17.294976412423093
2023-02-07 02:30:00,230.0,Winter,bottom10,17.448278464310064
2023-02-07 03:00:00,230.0,Winter,bottom10,17.498222347586005
2023-02-07 03:30:00,232.0,Winter,bottom10,17.596976787194986
2023-02-07 04:00:00,240.0,Winter,bottom10,18.548994782223836
2023-02-07 04:30:00,246.0,Winter,bottom10,18.83904750965589
2023-02-07 05:00:00,255.0,Winter,bottom10,20.051807768309402
2023-02-07 05:30:00,263.0,Winter,bottom10,21.09245192279775
2023-02-07 06:00:00,269.0,Winter,bottom10,21.086059722662014
2023-02-07 06:30:00,275.0,Winter,bottom10,21.695239661681633
2023-02-07 07:00:00,276.0,Winter,bottom10,22.035785471969533
2023-02-07 07:30:00,279.0,Winter,bottom10,22.686692889570736
2023-02-07 08:00:00,272.0,Winter,bottom10,21.830300892032938
2023-02-07 08:30:00,265.0,Winter,bottom10,21.396444979387795
2023-02-07 09:00:00,261.0,Winter,bottom10,21.26719086265458
2023-02-07 09:30:00,254.0,Winter,bottom10,20.498612058677093
2023-02-07 10:00:00,249.0,Winter,bottom10,19.950386502159077
2023-02-07 10:30:00,246.0,Winter,bottom10,19.49518710627202
2023-02-07 11:00:00,255.0,Winter,bottom10,19.905737390614078
2023-02-07 11:30:00,243.0,Winter,bottom10,19.336613655573547
2023-02-07 12:00:00,242.0,Winter,bottom10,19.118489136173366
2023-02-07 12:30:00,235.0,Winter,bottom10,18.766561391281698
2023-02-07 13:00:00,240.0,Winter,bottom10,19.07249261924637
2023-02-07 13:30:00,243.0,Winter,bottom10,19.260529948684322
2023-02-07 14:00:00,244.0,Winter,bottom10,19.3200097855144
2023-02-07 14:30:00,250.0,Winter,bottom10,19.72836327435068
2023-02-07 15:00:00,249.0,Winter,bottom10,20.192583081215574
2023-02-07 15:30:00,250.0,Winter,bottom10,20.422048355301
2023-02-07 16:00:00,257.0,Winter,bottom10,20.94809271312491
2023-02-07 16:30:00,250.0,Winter,bottom10,21.32033562760103
2023-02-07 17:00:00,252.0,Winter,bottom10,21.452075466192774
2023-02-07 17:30:00,253.0,Winter,bottom10,21.961727559129443
2023-02-07 18:00:00,250.0,Winter,bottom10,21.888581736991625
2023-02-07 18:30:00,249.0,Winter,bottom10,21.42088706482042
2023-02-07 19:00:00,248.0,Winter,bottom10,20.79916428134951
2023-02-07 19:30:00,249.0,Winter,bottom10,20.49846148692714
2023-02-07 20:00:00,249.0,Winter,bottom10,20.53271786848637
2023-02-07 20:30:00,252.0,Winter,bottom10,19.831047763272583
2023-02-07 21:00:00,258.0,Winter,bottom10,20.367085980216903
2023-02-07 21:30:00,253.0,Winter,bottom10,19.772283661377227
2023-02-07 22:00:00,253.0,Winter,bottom10,19.466480613341194
2023-02-07 22:30:00,245.0,Winter,bottom10,18.842422811569413
2023-02-07 23:00:00,232.0,Winter,bottom10,17.470771059013288
2023-02-07 23:30:00,222.0,Winter,bottom10,16.795636167150267
2023-04-03 00:00:00,154.0,Spring,avg,12.758426718547774
2023-04-03 00:30:00,157.0,Spring,avg,12.891880982309196
2023-04-03 01:00:00,150.0,Spring,avg,12.718056409573846
2023-04-03 01:30:00,149.0,Spring,avg,12.574265563297223
2023-04-03 02:00:00,156.0,Spring,avg,12.866945872007262
2023-04-03 02:30:00,157.0,Spring,avg,12.907514880840818
2023-04-03 03:00:00,167.0,Spring,avg,13.374117873129377
2023-04-03 03:30:00,165.0,Spring,avg,13.296036920428353
2023-04-03 04:00:00,178.0,Spring,avg,14.228102911692181
2023-04-03 04:30:00,186.0,Spring,avg,14.616676293770409
2023-04-03 05:00:00,195.0,Spring,avg,15.552240680700633
2023-04-03 05:30:00,198.0,Spring,avg,16.213773921469798
2023-04-03 06:00:00,193.0,Spring,avg,16.270872763325336
2023-04-03 06:30:00,191.0,Spring,avg,16.914859971254693
2023-04-03 07:00:00,180.0,Spring,avg,15.894947212056875
2023-04-03 07:30:00,173.0,Spring,avg,15.188012893120128
2023-04-03 08:00:00,160.0,Spring,avg,13.929828182674914
2023-04-03 08:30:00,153.0,Spring,avg,13.250052418917823
2023-04-03 09:00:00,149.0,Spring,avg,12.859853649164059
2023-04-03 09:30:00,143.0,Spring,avg,12.57864562277928
2023-04-03 10:00:00,142.0,Spring,avg,12.336617050719072
2023-04-03 10:30:00,133.0,Spring,avg,11.698389872566477
2023-04-03 11:00:00,121.0,Spring,avg,11.014333874879487
2023-04-03 11:30:00,114.0,Spring,avg,10.563126357094125
2023-04-03 12:00:00,109.0,Spring,avg,10.313936473640066
2023-04-03 12:30:00,105.0,Spring,avg,10.001452310949677
2023-04-03 13:00:00,110.0,Spring,avg,10.205882047653906
2023-04-03 13:30:00,109.0,Spring,avg,10.120515855392135
2023-04-03 14:00:00,119.0,Spring,avg,10.636637691401239
2023-04-03 14:30:00,128.0,Spring,avg,11.208709294719391
2023-04-03 15:00:00,131.0,Spring,avg,11.394856248472827
2023-04-03 15:30:00,143.0,Spring,avg,12.12620988732208
2023-04-03 16:00:00,153.0,Spring,avg,12.976839222145527
2023-04-03 16:30:00,165.0,Spring,avg,13.759207871354835
2023-04-03 17:00:00,171.0,Spring,avg,14.628544719386351
2023-04-03 17:30:00,181.0,Spring,avg,15.607386480082523
2023-04-03 18:00:00,186.0,Spring,avg,15.943252549939814
2023-04-03 18:30:00,186.0,Spring,avg,16.025963283075953
2023-04-03 19:00:00,186.0,Spring,avg,15.552990024782332
2023-04-03 19:30:00,179.0,Spring,avg,14.873579325506855
2023-04-03 20:00:00,180.0,Spring,avg,14.642844557674797
2023-04-03 20:30:00,180.0,Spring,avg,14.592611369160892
2023-04-03 21:00:00,185.0,Spring,avg,14.722934153796427
2023-04-03 21:30:00,175.0,Spring,avg,13.877894992281963
2023-04-03 22:00:00,166.0,Spring,avg,13.135951533663983
2023-04-03 22:30:00,161.0,Spring,avg,12.79129461608245
2023-04-03 23:00:00,161.0,Spring,avg,13.074688100769098
2023-04-03 23:30:00,166.0,Spring,avg,13.47169816955488
2023-03-24 00:00:00,65.0,Spring,top10,7.284544224141236
2023-03-24 00:30:00,65.0,Spring,top10,7.2435081292164964
2023-03-24 01:00:00,66.0,Spring,top10,6.951712640164668
2023-03-24 01:30:00,62.0,Spring,top10,6.619198354287718
2023-03-24 02:00:00,62.0,Spring,top10,5.949321473654069
2023-03-24 02:30:00,57.0,Spring,top10,5.527411591156386
2023-03-24 03:00:00,59.0,Spring,top10,5.698275043330738
2023-03-24 03:30:00,58.0,Spring,top10,5.506765697093353
2023-03-24 04:00:00,59.0,Spring,top10,5.453060913113058
2023-03-24 04:30:00,59.0,Spring,top10,5.425637641706585
2023-03-24 05:00:00,60.0,Spring,top10,5.744613455165821
2023-03-24 05:30:00,60.0,Spring,top10,5.629499580268958
2023-03-24 06:00:00,57.0,Spring,top10,6.098584614980279
2023-03-24 06:30:00,59.0,Spring,top10,6.6806539739500455
2023-03-24 07:00:00,51.0,Spring,top10,6.199737580907023
2023-03-24 07:30:00,48.0,Spring,top10,6.493323266600768
2023-03-24 08:00:00,46.0,Spring,top10,6.405742731554285
2023-03-24 08:30:00,42.0,Spring,top10,5.996733102873531
2023-03-24 09:00:00,39.0,Spring,top10,5.680176853587497
2023-03-24 09:30:00,37.0,Spring,top10,5.501258358203562
2023-03-24 10:00:00,35.0,Spring,top10,5.4166538466392256
2023-03-24 10:30:00,33.0,Spring,top10,5.229320461400446
2023-03-24 11:00:00,33.0,Spring,top10,5.321743779205096
2023-03-24 11:30:00,34.0,Spring,top10,5.309998933359605
2023-03-24 12:00:00,36.0,Spring,top10,5.359448517357102
2023-03-24 12:30:00,36.0,Spring,top10,5.578854677131835
2023-03-24 13:00:00,38.0,Spring,top10,5.5189125069516125
2023-03-24 13:30:00,38.0,Spring,top10,5.464893990971416
2023-03-24 14:00:00,39.0,Spring,top10,5.47000644845976
2023-03-24 14:30:00,39.0,Spring,top10,5.3558333195685215
2023-03-24 15:00:00,40.0,Spring,top10,5.483278751081816
2023-03-24 15:30:00,43.0,Spring,top10,5.809754805063662
2023-03-24 16:00:00,51.0,Spring,top10,6.793485952793404
2023-03-24 16:30:00,62.0,Spring,top10,8.278550201115706
2023-03-24 17:00:00,74.0,Spring,top10,9.192567178486723
2023-03-24 17:30:00,71.0,Spring,top10,8.921297154394402
2023-03-24 18:00:00,69.0,Spring,top10,9.083504426054908
2023-03-24 18:30:00,68.0,Spring,top10,8.91846334738742
2023-03-24 19:00:00,64.0,Spring,top10,8.784456120489784
2023-03-24 19:30:00,64.0,Spring,top10,8.08920679288774
2023-03-24 20:00:00,61.0,Spring,top10,7.694312327311689
2023-03-24 20:30:00,60.0,Spring,top10,6.837543776867784
2023-03-24 21:00:00,57.0,Spring,top10,6.442293043784693
2023-03-24 21:30:00,57.0,Spring,top10,6.374171760137804
2023-03-24 22:00:00,53.0,Spring,top10,5.97892254506969
2023-03-24 22:30:00,49.0,Spring,top10,5.712254985059324
2023-03-24 23:00:00,53.0,Spring,top10,6.251229938060675
2023-03-24 23:30:00,51.0,Spring,top10,6.234498577029454
2023-05-02 00:00:00,209.0,Spring,bottom10,17.34462584588616
2023-05-02 00:30:00,209.0,Spring,bottom10,17.332210581771868
2023-05-02 01:00:00,205.0,Spring,bottom10,16.812346468434725
2023-05-02 01:30:00,201.0,Spring,bottom10,16.54638700597737
2023-05-02 02:00:00,208.0,Spring,bottom10,16.980676996191836
2023-05-02 02:30:00,210.0,Spring,bottom10,17.20764733544517
2023-05-02 03:00:00,212.0,Spring,bottom10,17.612520351923138
2023-05-02 03:30:00,210.0,Spring,bottom10,17.46789871099335
2023-05-02 04:00:00,224.0,Spring,bottom10,18.52784461904629
2023-05-02 04:30:00,231.0,Spring,bottom10,19.09659346260768
2023-05-02 05:00:00,226.0,Spring,bottom10,18.79625087068387
2023-05-02 05:30:00,227.0,Spring,bottom10,19.765578093666715
2023-05-02 06:00:00,227.0,Spring,bottom10,19.561362798918044
2023-05-02 06:30:00,222.0,Spring,bottom10,20.075100876795617
2023-05-02 07:00:00,216.0,Spring,bottom10,19.042243272511215
2023-05-02 07:30:00,214.0,Spring,bottom10,19.17901869243974
2023-05-02 08:00:00,209.0,Spring,bottom10,18.741702761137486
2023-05-02 08:30:00,205.0,Spring,bottom10,18.375605905732638
2023-05-02 09:00:00,203.0,Spring,bottom10,18.17403456214011
2023-05-02 09:30:00,200.0,Spring,bottom10,17.63390009627426
2023-05-02 10:00:00,197.0,Spring,bottom10,17.24978555989861
2023-05-02 10:30:00,195.0,Spring,bottom10,17.083321452989633
2023-05-02 11:00:00,197.0,Spring,bottom10,17.273864500069877
2023-05-02 11:30:00,196.0,Spring,bottom10,17.13889114209075
2023-05-02 12:00:00,197.0,Spring,bottom10,17.23492734143914
2023-05-02 12:30:00,194.0,Spring,bottom10,17.068362746233664
2023-05-02 13:00:00,196.0,Spring,bottom10,17.177326319841967
2023-05-02 13:30:00,196.0,Spring,bottom10,17.157958445193994
2023-05-02 14:00:00,201.0,Spring,bottom10,17.361491199562412
2023-05-02 14:30:00,202.0,Spring,bottom10,17.443246898952317
2023-05-02 15:00:00,205.0,Spring,bottom10,17.76427086512866
2023-05-02 15:30:00,210.0,Spring,bottom10,18.107650939659457
2023-05-02 16:00:00,217.0,Spring,bottom10,18.521332462658588
2023-05-02 16:30:00,221.0,Spring,bottom10,18.894391991028506
2023-05-02 17:00:00,223.0,Spring,bottom10,19.32354619581225
2023-05-02 17:30:00,228.0,Spring,bottom10,19.597717940856526
2023-05-02 18:00:00,228.0,Spring,bottom10,20.28318900049633
2023-05-02 18:30:00,229.0,Spring,bottom10,20.13173547295649
2023-05-02 19:00:00,235.0,Spring,bottom10,20.32161352172804
2023-05-02 19:30:00,236.0,Spring,bottom10,20.223839350701198
2023-05-02 20:00:00,241.0,Spring,bottom10,20.218559009361304
2023-05-02 20:30:00,242.0,Spring,bottom10,19.85231540583006
2023-05-02 21:00:00,255.0,Spring,bottom10,20.669395918287165
2023-05-02 21:30:00,246.0,Spring,bottom10,19.844955527754557
2023-05-02 22:00:00,231.0,Spring,bottom10,18.93051525361754
2023-05-02 22:30:00,222.0,Spring,bottom10,18.053485731903436
2023-05-02 23:00:00,219.0,Spring,bottom10,17.817864458030023
2023-05-02 23:30:00,219.0,Spring,bottom10,17.676885232085834
2023-07-06 00:00:00,172.0,Summer,avg,14.498417717255963
2023-07-06 00:30:00,171.0,Summer,avg,14.305567785710686
2023-07-06 01:00:00,173.0,Summer,avg,14.39563843116134
2023-07-06 01:30:00,173.0,Summer,avg,14.539633796993039
2023-07-06 02:00:00,176.0,Summer,avg,14.71588242952833
2023-07-06 02:30:00,175.0,Summer,avg,14.593806569872612
2023-07-06 03:00:00,171.0,Summer,avg,14.460269127928497
2023-07-06 03:30:00,168.0,Summer,avg,14.243593163097586
2023-07-06 04:00:00,165.0,Summer,avg,14.425551753050314
2023-07-06 04:30:00,167.0,Summer,avg,14.92237377524553
2023-07-06 05:00:00,166.0,Summer,avg,15.56416249501116
2023-07-06 05:30:00,167.0,Summer,avg,16.42606879722169
2023-07-06 06:00:00,161.0,Summer,avg,15.585331143932267
2023-07-06 06:30:00,160.0,Summer,avg,15.528126451856453
2023-07-06 07:00:00,153.0,Summer,avg,14.202187090123413
2023-07-06 07:30:00,151.0,Summer,avg,13.652389987968386
2023-07-06 08:00:00,143.0,Summer,avg,13.120927466539467
2023-07-06 08:30:00,133.0,Summer,avg,12.382771620327922
2023-07-06 09:00:00,126.0,Summer,avg,11.947985835322589
2023-07-06 09:30:00,124.0,Summer,avg,11.854598904954475
2023-07-06 10:00:00,129.0,Summer,avg,11.96758165697579
2023-07-06 10:30:00,128.0,Summer,avg,11.810481501313964
2023-07-06 11:00:00,129.0,Summer,avg,11.838947146935208
2023-07-06 11:30:00,125.0,Summer,avg,11.532879425554079
2023-07-06 12:00:00,128.0,Summer,avg,11.475445165593703
2023-07-06 12:30:00,120.0,Summer,avg,10.882592289323632
2023-07-06 13:00:00,113.0,Summer,avg,10.480190821494496
2023-07-06 13:30:00,106.0,Summer,avg,9.851039277269262
2023-07-06 14:00:00,109.0,Summer,avg,10.177767319679443
2023-07-06 14:30:00,112.0,Summer,avg,10.269382855566601
2023-07-06 15:00:00,112.0,Summer,avg,10.504011570103296
2023-07-06 15:30:00,114.0,Summer,avg,10.572562460233655
2023-07-06 16:00:00,123.0,Summer,avg,11.054601074547776
2023-07-06 16:30:00,134.0,Summer,avg,11.706169730572652
2023-07-06 17:00:00,139.0,Summer,avg,12.22398991933148
2023-07-06 17:30:00,142.0,Summer,avg,12.517921130455866
2023-07-06 18:00:00,140.0,Summer,avg,12.430912769506271
2023-07-06 18:30:00,148.0,Summer,avg,13.309636139600393
2023-07-06 19:00:00,150.0,Summer,avg,12.986404286362628
2023-07-06 19:30:00,151.0,Summer,avg,12.748245332409162
2023-07-06 20:00:00,152.0,Summer,avg,12.64266630727782
2023-07-06 20:30:00,149.0,Summer,avg,12.526579211383371
2023-07-06 21:00:00,146.0,Summer,avg,12.227384763223398
2023-07-06 21:30:00,136.0,Summer,avg,11.481355135685893
2023-07-06 22:00:00,128.0,Summer,avg,10.979248622926914
2023-07-06 22:30:00,119.0,Summer,avg,10.006742273480905
2023-07-06 23:00:00,117.0,Summer,avg,9.665296311859377
2023-07-06 23:30:00,110.0,Summer,avg,9.195570492795223
2023-07-03 00:00:00,71.0,Summer,top10,6.699553261576377
2023-07-03 00:30:00,72.0,Summer,top10,6.735628907717445
2023-07-03 01:00:00,76.0,Summer,top10,6.8271407403149
2023-07-03 01:30:00,74.0,Summer,top10,6.719698303523975
2023-07-03 02:00:00,75.0,Summer,top10,6.632648475025085
2023-07-03 02:30:00,75.0,Summer,top10,6.649695319765534
2023-07-03 03:00:00,76.0,Summer,top10,6.8503730052024565
2023-07-03 03:30:00,79.0,Summer,top10,7.149966102054125
2023-07-03 04:00:00,76.0,Summer,top10,7.014773184168682
2023-07-03 04:30:00,78.0,Summer,top10,7.299300003164419
2023-07-03 05:00:00,77.0,Summer,top10,7.52073254568298
2023-07-03 05:30:00,82.0,Summer,top10,8.116887815340212
2023-07-03 06:00:00,67.0,Summer,top10,7.215779910402815
2023-07-03 06:30:00,68.0,Summer,top10,7.624059939445064
2023-07-03 07:00:00,54.0,Summer,top10,6.659333543441197
2023-07-03 07:30:00,47.0,Summer,top10,6.226071215686484
2023-07-03 08:00:00,44.0,Summer,top10,6.110484065913331
2023-07-03 08:30:00,43.0,Summer,top10,6.081903815955349
2023-07-03 09:00:00,45.0,Summer,top10,6.140751722922498
2023-07-03 09:30:00,42.0,Summer,top10,5.871529619820097
2023-07-03 10:00:00,43.0,Summer,top10,5.851565241568674
2023-07-03 10:30:00,45.0,Summer,top10,5.96320656292591
2023-07-03 11:00:00,45.0,Summer,top10,6.013523084441348
2023-07-03 11:30:00,49.0,Summer,top10,6.280617690016121
2023-07-03 12:00:00,58.0,Summer,top10,7.208330314290571
2023-07-03 12:30:00,57.0,Summer,top10,7.1716706214025105
2023-07-03 13:00:00,60.0,Summer,top10,7.400527591560794
2023-07-03 13:30:00,62.0,Summer,top10,7.425306242827806
2023-07-03 14:00:00,59.0,Summer,top10,7.02959517257439
2023-07-03 14:30:00,66.0,Summer,top10,7.499017812146675
2023-07-03 15:00:00,69.0,Summer,top10,7.846096557290188
2023-07-03 15:30:00,74.0,Summer,top10,7.987821962827022
2023-07-03 16:00:00,68.0,Summer,top10,7.594777060609271
2023-07-03 16:30:00,59.0,Summer,top10,6.866431724926394
2023-07-03 17:00:00,63.0,Summer,top10,7.005111190903525
2023-07-03 17:30:00,67.0,Summer,top10,7.232161003473396
2023-07-03 18:00:00,72.0,Summer,top10,7.7032029395108355
2023-07-03 18:30:00,79.0,Summer,top10,8.213770595150681
2023-07-03 19:00:00,91.0,Summer,top10,9.181882928444098
2023-07-03 19:30:00,95.0,Summer,top10,9.348225941505667
2023-07-03 20:00:00,97.0,Summer,top10,9.427896927216922
2023-07-03 20:30:00,92.0,Summer,top10,8.690666563619857
2023-07-03 21:00:00,85.0,Summer,top10,8.287670280763297
2023-07-03 21:30:00,71.0,Summer,top10,6.990039887303173
2023-07-03 22:00:00,69.0,Summer,top10,6.805047435520588
2023-07-03 22:30:00,62.0,Summer,top10,6.3769869706716165
2023-07-03 23:00:00,66.0,Summer,top10,6.3302905793068005
2023-07-03 23:30:00,63.0,Summer,top10,6.174249237162293
2023-08-31 00:00:00,220.0,Summer,bottom10,17.82211976971247
2023-08-31 00:30:00,222.0,Summer,bottom10,17.926941259451606
2023-08-31 01:00:00,224.0,Summer,bottom10,17.89261850466655
2023-08-31 01:30:00,225.0,Summer,bottom10,17.92917518595061
2023-08-31 02:00:00,221.0,Summer,bottom10,17.720303127023442
2023-08-31 02:30:00,221.0,Summer,bottom10,17.72650183377841
2023-08-31 03:00:00,220.0,Summer,bottom10,17.720148796389026
2023-08-31 03:30:00,222.0,Summer,bottom10,17.874337255021054
2023-08-31 04:00:00,227.0,Summer,bottom10,18.325367301098407
2023-08-31 04:30:00,236.0,Summer,bottom10,18.758213568977496
2023-08-31 05:00:00,239.0,Summer,bottom10,19.057889051777234
2023-08-31 05:30:00,243.0,Summer,bottom10,19.450422021563302
2023-08-31 06:00:00,239.0,Summer,bottom10,19.64425311441317
2023-08-31 06:30:00,233.0,Summer,bottom10,19.7994856263535
2023-08-31 07:00:00,216.0,Summer,bottom10,18.14945551427009
2023-08-31 07:30:00,212.0,Summer,bottom10,17.615823373842016
2023-08-31 08:00:00,201.0,Summer,bottom10,16.95564398325856
2023-08-31 08:30:00,196.0,Summer,bottom10,16.548419140219043
2023-08-31 09:00:00,196.0,Summer,bottom10,16.453860329056603
2023-08-31 09:30:00,190.0,Summer,bottom10,16.10703749370843
2023-08-31 10:00:00,182.0,Summer,bottom10,15.573270825129125
2023-08-31 10:30:00,179.0,Summer,bottom10,15.463640508835692
2023-08-31 11:00:00,177.0,Summer,bottom10,15.536877637602942
2023-08-31 11:30:00,176.0,Summer,bottom10,15.436747335759419
2023-08-31 12:00:00,178.0,Summer,bottom10,15.603935743185605
2023-08-31 12:30:00,181.0,Summer,bottom10,15.639086380066928
2023-08-31 13:00:00,188.0,Summer,bottom10,16.121277552498373
2023-08-31 13:30:00,192.0,Summer,bottom10,16.264790056676905
2023-08-31 14:00:00,200.0,Summer,bottom10,16.880069594223723
2023-08-31 14:30:00,203.0,Summer,bottom10,17.037129103477163
2023-08-31 15:00:00,207.0,Summer,bottom10,17.44291887287715
2023-08-31 15:30:00,211.0,Summer,bottom10,17.774292599282102
2023-08-31 16:00:00,212.0,Summer,bottom10,18.025546514973403
2023-08-31 16:30:00,215.0,Summer,bottom10,18.243949668500953
2023-08-31 17:00:00,216.0,Summer,bottom10,18.72310675043245
2023-08-31 17:30:00,215.0,Summer,bottom10,18.80263358419281
2023-08-31 18:00:00,220.0,Summer,bottom10,19.177289742902687
2023-08-31 18:30:00,221.0,Summer,bottom10,19.40773271038052
2023-08-31 19:00:00,221.0,Summer,bottom10,19.21189714825823
2023-08-31 19:30:00,223.0,Summer,bottom10,18.812196256501384
2023-08-31 20:00:00,231.0,Summer,bottom10,19.08104702982081
2023-08-31 20:30:00,230.0,Summer,bottom10,18.768047694534552
2023-08-31 21:00:00,233.0,Summer,bottom10,18.89148388072239
2023-08-31 21:30:00,228.0,Summer,bottom10,18.60021438361604
2023-08-31 22:00:00,214.0,Summer,bottom10,17.636678450499804
2023-08-31 22:30:00,209.0,Summer,bottom10,17.32924584461576
2023-08-31 23:00:00,215.0,Summer,bottom10,17.60042425659253
2023-08-31 23:30:00,215.0,Summer,bottom10,17.62710017037146
2023-10-15 00:00:00,87.0,Autumn,avg,7.587782392201532
2023-10-15 00:30:00,87.0,Autumn,avg,7.550658914045062
2023-10-15 01:00:00,80.0,Autumn,avg,6.9521722420493495
2023-10-15 01:30:00,80.0,Autumn,avg,6.950455363756552
2023-10-15 02:00:00,70.0,Autumn,avg,6.3509098063345455
2023-10-15 02:30:00,65.0,Autumn,avg,6.078231867244373
2023-10-15 03:00:00,69.0,Autumn,avg,6.43645389674155
2023-10-15 03:30:00,71.0,Autumn,avg,6.605504262297822
2023-10-15 04:00:00,77.0,Autumn,avg,7.044595586346876
2023-10-15 04:30:00,80.0,Autumn,avg,7.302897998235032
2023-10-15 05:00:00,71.0,Autumn,avg,6.8784652542600435
2023-10-15 05:30:00,75.0,Autumn,avg,7.42067759795146
2023-10-15 06:00:00,67.0,Autumn,avg,7.132245399479155
2023-10-15 06:30:00,71.0,Autumn,avg,7.526321653480332
2023-10-15 07:00:00,67.0,Autumn,avg,7.572050540599035
2023-10-15 07:30:00,61.0,Autumn,avg,7.2112860327066395
2023-10-15 08:00:00,57.0,Autumn,avg,7.067027197222517
2023-10-15 08:30:00,55.0,Autumn,avg,7.005791833693818
2023-10-15 09:00:00,57.0,Autumn,avg,7.123941576984717
2023-10-15 09:30:00,58.0,Autumn,avg,7.189445445852291
2023-10-15 10:00:00,54.0,Autumn,avg,6.86680613982162
2023-10-15 10:30:00,55.0,Autumn,avg,6.943564849651454
2023-10-15 11:00:00,55.0,Autumn,avg,7.0377436697609905
2023-10-15 11:30:00,55.0,Autumn,avg,7.02945552640367
2023-10-15 12:00:00,60.0,Autumn,avg,7.396183110358196
2023-10-15 12:30:00,62.0,Autumn,avg,7.527936748341531
2023-10-15 13:00:00,67.0,Autumn,avg,8.029240958529043
2023-10-15 13:30:00,76.0,Autumn,avg,8.480560679733378
2023-10-15 14:00:00,88.0,Autumn,avg,9.348435209391647
2023-10-15 14:30:00,111.0,Autumn,avg,10.453269162114147
2023-10-15 15:00:00,135.0,Autumn,avg,12.410007096422921
2023-10-15 15:30:00,159.0,Autumn,avg,14.764453648159062
2023-10-15 16:00:00,181.0,Autumn,avg,16.786516107393293
2023-10-15 16:30:00,191.0,Autumn,avg,17.617422078985506
2023-10-15 17:00:00,197.0,Autumn,avg,18.52789678583219
2023-10-15 17:30:00,206.0,Autumn,avg,19.554630528182752
2023-10-15 18:00:00,209.0,Autumn,avg,19.663109358726143
2023-10-15 18:30:00,208.0,Autumn,avg,19.167088125313903
2023-10-15 19:00:00,200.0,Autumn,avg,18.523698176156405
2023-10-15 19:30:00,201.0,Autumn,avg,17.61891673896912
2023-10-15 20:00:00,200.0,Autumn,avg,17.12985944315475
2023-10-15 20:30:00,197.0,Autumn,avg,16.61336130664973
2023-10-15 21:00:00,198.0,Autumn,avg,16.52116135424894
2023-10-15 21:30:00,192.0,Autumn,avg,16.061747961393436
2023-10-15 22:00:00,182.0,Autumn,avg,15.266353568444236
2023-10-15 22:30:00,176.0,Autumn,avg,15.035831615161857
2023-10-15 23:00:00,174.0,Autumn,avg,14.85830671315067
2023-10-15 23:30:00,173.0,Autumn,avg,14.774332505023098
2023-09-19 00:00:00,54.0,Autumn,top10,5.49872851275464
2023-09-19 00:30:00,55.0,Autumn,top10,5.597777332432766
2023-09-19 01:00:00,54.0,Autumn,top10,5.099971433755223
2023-09-19 01:30:00,55.0,Autumn,top10,5.207224167465208
2023-09-19 02:00:00,56.0,Autumn,top10,5.291499640460257
2023-09-19 02:30:00,57.0,Autumn,top10,5.427501977366941
2023-09-19 03:00:00,59.0,Autumn,top10,5.739652654213281
2023-09-19 03:30:00,64.0,Autumn,top10,6.162776797820075
2023-09-19 04:00:00,60.0,Autumn,top10,5.939841059976924
2023-09-19 04:30:00,62.0,Autumn,top10,6.19705565600784
2023-09-19 05:00:00,64.0,Autumn,top10,6.375418343295327
2023-09-19 05:30:00,70.0,Autumn,top10,7.541622079213849
2023-09-19 06:00:00,69.0,Autumn,top10,7.855209317884024
2023-09-19 06:30:00,62.0,Autumn,top10,7.750335931439104
2023-09-19 07:00:00,57.0,Autumn,top10,7.516143088176121
2023-09-19 07:30:00,61.0,Autumn,top10,7.64855475723938
2023-09-19 08:00:00,57.0,Autumn,top10,7.485986437741626
2023-09-19 08:30:00,54.0,Autumn,top10,7.4025868687181005
2023-09-19 09:00:00,58.0,Autumn,top10,7.404391004674578
2023-09-19 09:30:00,59.0,Autumn,top10,7.394927038060039
2023-09-19 10:00:00,55.0,Autumn,top10,7.226947677327617
2023-09-19 10:30:00,53.0,Autumn,top10,7.083492989073228
2023-09-19 11:00:00,54.0,Autumn,top10,6.9321595128611335
2023-09-19 11:30:00,54.0,Autumn,top10,6.923883008852402
2023-09-19 12:00:00,54.0,Autumn,top10,6.994808838995721
2023-09-19 12:30:00,56.0,Autumn,top10,6.933663614781792
2023-09-19 13:00:00,52.0,Autumn,top10,6.693598467674488
2023-09-19 13:30:00,50.0,Autumn,top10,6.426453622059777
2023-09-19 14:00:00,51.0,Autumn,top10,6.637139647500291
2023-09-19 14:30:00,55.0,Autumn,top10,6.928603275529236
2023-09-19 15:00:00,56.0,Autumn,top10,7.146683210941425
2023-09-19 15:30:00,60.0,Autumn,top10,7.201081825766902
2023-09-19 16:00:00,61.0,Autumn,top10,7.436780766131463
2023-09-19 16:30:00,62.0,Autumn,top10,7.573566164501981
2023-09-19 17:00:00,68.0,Autumn,top10,8.361602582389919
2023-09-19 17:30:00,65.0,Autumn,top10,8.062316408272762
2023-09-19 18:00:00,67.0,Autumn,top10,7.956897214761999
2023-09-19 18:30:00,69.0,Autumn,top10,7.928542440903805
2023-09-19 19:00:00,64.0,Autumn,top10,7.215109164931365
2023-09-19 19:30:00,52.0,Autumn,top10,6.030868042602224
2023-09-19 20:00:00,45.0,Autumn,top10,5.301903698848071
2023-09-19 20:30:00,37.0,Autumn,top10,4.7566559239372905
2023-09-19 21:00:00,43.0,Autumn,top10,5.1092791422906805
2023-09-19 21:30:00,49.0,Autumn,top10,5.470086300857332
2023-09-19 22:00:00,59.0,Autumn,top10,6.011904151837833
2023-09-19 22:30:00,60.0,Autumn,top10,5.953860277676242
2023-09-19 23:00:00,64.0,Autumn,top10,6.140906648449589
2023-09-19 23:30:00,61.0,Autumn,top10,5.867692193922361
2023-09-09 00:00:00,237.0,Autumn,bottom10,19.172163914786818
2023-09-09 00:30:00,231.0,Autumn,bottom10,18.908504934753566
2023-09-09 01:00:00,220.0,Autumn,bottom10,18.1644184393222
2023-09-09 01:30:00,217.0,Autumn,bottom10,17.936324046704115
2023-09-09 02:00:00,214.0,Autumn,bottom10,17.8200930400163
2023-09-09 02:30:00,211.0,Autumn,bottom10,17.599344013856825
2023-09-09 03:00:00,208.0,Autumn,bottom10,17.418252837783548
2023-09-09 03:30:00,206.0,Autumn,bottom10,17.357395563453412
2023-09-09 04:00:00,214.0,Autumn,bottom10,17.68901277741478
2023-09-09 04:30:00,214.0,Autumn,bottom10,17.916119277089777
2023-09-09 05:00:00,215.0,Autumn,bottom10,17.939254931261804
2023-09-09 05:30:00,212.0,Autumn,bottom10,18.15356008221693
2023-09-09 06:00:00,203.0,Autumn,bottom10,17.275382737080605
2023-09-09 06:30:00,196.0,Autumn,bottom10,17.153362360248696
2023-09-09 07:00:00,186.0,Autumn,bottom10,16.032579951841832
2023-09-09 07:30:00,180.0,Autumn,bottom10,15.650169939868652
2023-09-09 08:00:00,170.0,Autumn,bottom10,15.021787805168602
2023-09-09 08:30:00,162.0,Autumn,bottom10,14.649389674137321
2023-09-09 09:00:00,154.0,Autumn,bottom10,14.101116379754437
2023-09-09 09:30:00,143.0,Autumn,bottom10,13.096025464086027
2023-09-09 10:00:00,135.0,Autumn,bottom10,12.501537931892758
2023-09-09 10:30:00,127.0,Autumn,bottom10,11.910439246095912
2023-09-09 11:00:00,121.0,Autumn,bottom10,11.494916706564963
2023-09-09 11:30:00,119.0,Autumn,bottom10,11.367428895918664
2023-09-09 12:00:00,118.0,Autumn,bottom10,11.265325983218577
2023-09-09 12:30:00,118.0,Autumn,bottom10,11.242191874381552
2023-09-09 13:00:00,120.0,Autumn,bottom10,11.413340515729377
2023-09-09 13:30:00,126.0,Autumn,bottom10,11.803717484157389
2023-09-09 14:00:00,137.0,Autumn,bottom10,12.484836517616818
2023-09-09 14:30:00,145.0,Autumn,bottom10,13.126138008426226
2023-09-09 15:00:00,161.0,Autumn,bottom10,14.490124123440346
2023-09-09 15:30:00,180.0,Autumn,bottom10,15.751357254684672
2023-09-09 16:00:00,204.0,Autumn,bottom10,17.6808157545545
2023-09-09 16:30:00,221.0,Autumn,bottom10,18.976271079451674
2023-09-09 17:00:00,238.0,Autumn,bottom10,20.623782337034108
2023-09-09 17:30:00,249.0,Autumn,bottom10,21.619062934571772
2023-09-09 18:00:00,252.0,Autumn,bottom10,21.789321078941057
2023-09-09 18:30:00,253.0,Autumn,bottom10,22.07265881644007
2023-09-09 19:00:00,260.0,Autumn,bottom10,21.904929278117105
2023-09-09 19:30:00,262.0,Autumn,bottom10,21.46450517179436
2023-09-09 20:00:00,271.0,Autumn,bottom10,21.74708835294691
2023-09-09 20:30:00,272.0,Autumn,bottom10,21.48952616452576
2023-09-09 21:00:00,276.0,Autumn,bottom10,21.567761845575426
2023-09-09 21:30:00,270.0,Autumn,bottom10,21.25982502035023
2023-09-09 22:00:00,249.0,Autumn,bottom10,20.04819397921037
2023-09-09 22:30:00,239.0,Autumn,bottom10,19.379852432580353
2023-09-09 23:00:00,227.0,Autumn,bottom10,18.937269916205167
2023-09-09 23:30:00,227.0,Autumn,bottom10,18.744629567117233
