asset,case,technical_case,capex_GBP_per_MW,opex_GBP_per_MW_year,lifetime_years,discount_rate,crf,annualised_capex_GBP_per_MW_year,total_annual_cost_GBP_per_MW_year,net_load_factor,MWh_per_MW_year,lcoe_GBP_per_MWh,reported_lcoe_GBP_per_MWh,lcoe_delta_pct,source
onshore_wind,low,high,1241000.0,17400.0,40.0,0.058,0.06479369489085504,80408.9753595511,97808.9753595511,0.413,3617.8799999999997,27.034886552221497,27.2,-0.6070347344797833,"DESNZ/Arup 2024 Onshore Wind and Solar PV cost report (ref 299867-00, Final 14 July 2025)"
onshore_wind,central,central,1588000.0,40100.0,35.0,0.058,0.06736320100130902,106972.76319007872,147072.76319007872,0.381,3337.56,44.065953328203456,45.8,-3.7861281043592654,"DESNZ/Arup 2024 Onshore Wind and Solar PV cost report (ref 299867-00, Final 14 July 2025)"
onshore_wind,high,low,2205000.0,72400.0,25.0,0.058,0.07674631094717155,169225.61563851326,241625.61563851326,0.33,2890.8,83.58434192559612,90.6,-7.74355195850317,"DESNZ/Arup 2024 Onshore Wind and Solar PV cost report (ref 299867-00, Final 14 July 2025)"
offshore_wind,low,high,3321000.0,73700.0,35.0,0.062,0.07059883123313106,234458.71852522824,308158.7185252282,0.561,4914.360000000001,62.70576810108095,55.4,13.187307041662354,DESNZ/Arup 2024 Offshore Wind cost report (Final 24 July 2025)
offshore_wind,central,central,3976000.0,138500.0,35.0,0.062,0.07059883123313106,280700.95298292907,419200.95298292907,0.505,4423.8,94.76037636939488,88.5,7.073871603836013,DESNZ/Arup 2024 Offshore Wind cost report (Final 24 July 2025)
offshore_wind,high,low,4439000.0,207200.0,35.0,0.062,0.07059883123313106,313388.2118438688,520588.2118438688,0.46,4029.6000000000004,129.19103927036647,124.0,4.186321992231035,DESNZ/Arup 2024 Offshore Wind cost report (Final 24 July 2025)
solar_pv,low,high,526000.0,6500.0,40.0,0.05,0.058278161166034986,30654.312773334404,37154.3127733344,0.145,1270.1999999999998,29.250757969874357,30.3,-3.462844983913016,"DESNZ/Arup 2024 Onshore Wind and Solar PV cost report (ref 299867-00, Final 14 July 2025)"
solar_pv,central,central,659000.0,9300.0,38.0,0.05,0.059284228176709114,39068.3063684513,48368.3063684513,0.122,1068.72,45.258165252312395,46.5,-2.6706123606185073,"DESNZ/Arup 2024 Onshore Wind and Solar PV cost report (ref 299867-00, Final 14 July 2025)"
solar_pv,high,low,788000.0,12300.0,35.0,0.05,0.061071707230849794,48124.505297909636,60424.505297909636,0.115,1007.4000000000001,59.98064849901691,65.2,-8.005140338931128,"DESNZ/Arup 2024 Onshore Wind and Solar PV cost report (ref 299867-00, Final 14 July 2025)"
