asset,technology,scenario,build_year,capex_GBP_per_kWe,efficiency_pct,capex_GBP_per_kW_H2_HHV,fixed_opex_pct_capex,fixed_opex_GBP_per_kW_H2_HHV_year,variable_opex_GBP_per_kWh_H2_HHV,plant_lifetime_years,source,is_proxy,notes
electrolyser,PEM,Central,2025,2010,73.6185054,2728.234207,0.0275,75.0264407,0.003114423,25,NESO Green Hydrogen Data Portal,False,PEM and Alkaline cost assumptions from NESO resource where available.
electrolyser,PEM,Central,2030,1580,75.8515602,2083.015821,0.031132058,64.84856936,0.002615659,25,NESO Green Hydrogen Data Portal,False,PEM and Alkaline cost assumptions from NESO resource where available.
electrolyser,PEM,Central,2035,1300,77.1394344,1685.259958,0.034028848,57.34745496,0.002308575,25,NESO Green Hydrogen Data Portal,False,PEM and Alkaline cost assumptions from NESO resource where available.
electrolyser,PEM,Central,2040,1120,80.7917917,1386.279443,0.034744036,48.16494289,0.002057264,25,NESO Green Hydrogen Data Portal,False,PEM and Alkaline cost assumptions from NESO resource where available.
electrolyser,PEM,Central,2045,1040,81.8396757,1270.777274,0.035490011,45.09989942,0.002030923,25,NESO Green Hydrogen Data Portal,False,PEM and Alkaline cost assumptions from NESO resource where available.
electrolyser,PEM,Central,2050,970,82.9253923,1169.726151,0.03587877,41.96833555,0.001936191,25,NESO Green Hydrogen Data Portal,False,PEM and Alkaline cost assumptions from NESO resource where available.
electrolyser,PEM,Low,2025,2010,73.6185054,2728.234207,0.0275,75.0264407,0.003114423,25,NESO Green Hydrogen Data Portal,False,PEM and Alkaline cost assumptions from NESO resource where available.
electrolyser,PEM,Low,2030,1480,75.8515602,1951.179377,0.031132058,60.74422953,0.002450111,25,NESO Green Hydrogen Data Portal,False,PEM and Alkaline cost assumptions from NESO resource where available.
electrolyser,PEM,Low,2035,1180,77.1394344,1529.6975,0.034028848,52.05384373,0.002095476,25,NESO Green Hydrogen Data Portal,False,PEM and Alkaline cost assumptions from NESO resource where available.
electrolyser,PEM,Low,2040,930,80.7917917,1151.107038,0.034744036,39.99410436,0.001708264,25,NESO Green Hydrogen Data Portal,False,PEM and Alkaline cost assumptions from NESO resource where available.
electrolyser,PEM,Low,2045,790,81.8396757,965.3019676,0.035490011,34.25857745,0.00154272,25,NESO Green Hydrogen Data Portal,False,PEM and Alkaline cost assumptions from NESO resource where available.
electrolyser,PEM,Low,2050,670,82.9253923,807.9551768,0.03587877,28.98843796,0.001337369,25,NESO Green Hydrogen Data Portal,False,PEM and Alkaline cost assumptions from NESO resource where available.
electrolyser,PEM,High,2025,2010,73.6185054,2728.234207,0.0275,75.0264407,0.003114423,25,NESO Green Hydrogen Data Portal,False,PEM and Alkaline cost assumptions from NESO resource where available.
electrolyser,PEM,High,2030,1740,75.8515602,2293.954132,0.031132058,71.41551309,0.002880536,25,NESO Green Hydrogen Data Portal,False,PEM and Alkaline cost assumptions from NESO resource where available.
electrolyser,PEM,High,2035,1620,77.1394344,2100.093179,0.034028848,71.46375156,0.00287684,25,NESO Green Hydrogen Data Portal,False,PEM and Alkaline cost assumptions from NESO resource where available.
electrolyser,PEM,High,2040,1510,80.7917917,1869.00175,0.034744036,64.93666408,0.002773633,25,NESO Green Hydrogen Data Portal,False,PEM and Alkaline cost assumptions from NESO resource where available.
electrolyser,PEM,High,2045,1460,81.8396757,1783.975788,0.035490011,63.31332034,0.002851103,25,NESO Green Hydrogen Data Portal,False,PEM and Alkaline cost assumptions from NESO resource where available.
electrolyser,PEM,High,2050,1440,82.9253923,1736.500678,0.03587877,62.30350845,0.002874345,25,NESO Green Hydrogen Data Portal,False,PEM and Alkaline cost assumptions from NESO resource where available.
electrolyser,Alkaline,Central,2025,1740,74.67379360000001,2314.191055,0.0275,63.640254,0.002641771,25,NESO Green Hydrogen Data Portal,False,PEM and Alkaline cost assumptions from NESO resource where available.
electrolyser,Alkaline,Central,2030,1450,76.4511046,1896.637084,0.031132058,59.04621569,0.002381622,25,NESO Green Hydrogen Data Portal,False,PEM and Alkaline cost assumptions from NESO resource where available.
electrolyser,Alkaline,Central,2035,1250,77.4461067,1614.025615,0.034028848,54.92343232,0.002210994,25,NESO Green Hydrogen Data Portal,False,PEM and Alkaline cost assumptions from NESO resource where available.
electrolyser,Alkaline,Central,2040,1110,80.7917917,1373.901948,0.034744036,47.73489876,0.002038896,25,NESO Green Hydrogen Data Portal,False,PEM and Alkaline cost assumptions from NESO resource where available.
electrolyser,Alkaline,Central,2045,1040,81.8396757,1270.777274,0.035490011,45.09989942,0.002030923,25,NESO Green Hydrogen Data Portal,False,PEM and Alkaline cost assumptions from NESO resource where available.
electrolyser,Alkaline,Central,2050,970,82.9253923,1169.726151,0.03587877,41.96833555,0.001936191,25,NESO Green Hydrogen Data Portal,False,PEM and Alkaline cost assumptions from NESO resource where available.
electrolyser,Alkaline,Low,2025,1740,74.67379360000001,2314.191055,0.0275,63.640254,0.002641771,25,NESO Green Hydrogen Data Portal,False,PEM and Alkaline cost assumptions from NESO resource where available.
electrolyser,Alkaline,Low,2030,1350,76.4511046,1765.834526,0.031132058,54.97406288,0.002217372,25,NESO Green Hydrogen Data Portal,False,PEM and Alkaline cost assumptions from NESO resource where available.
electrolyser,Alkaline,Low,2035,1100,77.4461067,1420.342541,0.034028848,48.33262044,0.001945675,25,NESO Green Hydrogen Data Portal,False,PEM and Alkaline cost assumptions from NESO resource where available.
electrolyser,Alkaline,Low,2040,900,80.7917917,1113.974553,0.034744036,38.70397197,0.001653159,25,NESO Green Hydrogen Data Portal,False,PEM and Alkaline cost assumptions from NESO resource where available.
electrolyser,Alkaline,Low,2045,780,81.8396757,953.0829553,0.035490011,33.82492457,0.001523192,25,NESO Green Hydrogen Data Portal,False,PEM and Alkaline cost assumptions from NESO resource where available.
electrolyser,Alkaline,Low,2050,680,82.9253923,820.0142093,0.03587877,29.42110121,0.001357329,25,NESO Green Hydrogen Data Portal,False,PEM and Alkaline cost assumptions from NESO resource where available.
electrolyser,Alkaline,High,2025,1740,74.67379360000001,2314.191055,0.0275,63.640254,0.002641771,25,NESO Green Hydrogen Data Portal,False,PEM and Alkaline cost assumptions from NESO resource where available.
electrolyser,Alkaline,High,2030,1580,76.4511046,2066.680408,0.031132058,64.34001434,0.002595147,25,NESO Green Hydrogen Data Portal,False,PEM and Alkaline cost assumptions from NESO resource where available.
electrolyser,Alkaline,High,2035,1420,77.4461067,1833.533099,0.034028848,62.39301911,0.002511689,25,NESO Green Hydrogen Data Portal,False,PEM and Alkaline cost assumptions from NESO resource where available.
electrolyser,Alkaline,High,2040,1320,80.7917917,1633.829344,0.034744036,56.76582555,0.002424633,25,NESO Green Hydrogen Data Portal,False,PEM and Alkaline cost assumptions from NESO resource where available.
electrolyser,Alkaline,High,2045,1240,81.8396757,1515.157519,0.035490011,53.772957,0.002421485,25,NESO Green Hydrogen Data Portal,False,PEM and Alkaline cost assumptions from NESO resource where available.
electrolyser,Alkaline,High,2050,1170,82.9253923,1410.906801,0.03587877,50.62160061,0.002335405,25,NESO Green Hydrogen Data Portal,False,PEM and Alkaline cost assumptions from NESO resource where available.
